"newmoonnumber","time","species","all_caps","new_caps","relative_new"
7,1978 Jan,"DM",23,23,1
7,1978 Jan,"DO",1,1,1
7,1978 Jan,"DS",12,12,1
7,1978 Jan,"NE",4,4,1
7,1978 Jan,"OL",2,2,1
7,1978 Jan,"OT",3,3,1
7,1978 Jan,"PE",1,1,1
7,1978 Jan,"PF",2,2,1
8,1978 Feb,"DM",18,6,0.333333333333333
8,1978 Feb,"DS",11,7,0.636363636363636
8,1978 Feb,"NE",2,2,1
8,1978 Feb,"OL",1,1,1
8,1978 Feb,"OT",2,2,1
8,1978 Feb,"OX",1,1,1
8,1978 Feb,"PE",1,1,1
8,1978 Feb,"PF",2,2,1
9,1978 Mar,"DM",13,4,0.307692307692308
9,1978 Mar,"DO",1,1,1
9,1978 Mar,"DS",15,4,0.266666666666667
9,1978 Mar,"NE",1,0,0
9,1978 Mar,"OL",1,1,1
9,1978 Mar,"OT",5,3,0.6
9,1978 Mar,"PE",2,1,0.5
9,1978 Mar,"PF",3,3,1
9,1978 Mar,"RM",1,1,1
10,1978 Apr,"DM",18,7,0.388888888888889
10,1978 Apr,"DO",1,1,1
10,1978 Apr,"DS",22,8,0.363636363636364
10,1978 Apr,"NE",1,1,1
10,1978 Apr,"PF",1,0,0
11,1978 May,"DM",20,9,0.45
11,1978 May,"DO",3,2,0.666666666666667
11,1978 May,"DS",24,8,0.333333333333333
11,1978 May,"OT",1,0,0
11,1978 May,"PF",1,1,1
11,1978 May,"PM",1,1,1
11,1978 May,"PP",2,2,1
12,1978 Jun,"DM",16,5,0.3125
12,1978 Jun,"DO",4,0,0
12,1978 Jun,"DS",29,7,0.241379310344828
12,1978 Jun,"NE",2,1,0.5
12,1978 Jun,"OL",1,1,1
12,1978 Jun,"PF",3,2,0.666666666666667
12,1978 Jun,"PP",1,0,0
13,1978 Jul,"DM",20,10,0.5
13,1978 Jul,"DO",2,1,0.5
13,1978 Jul,"DS",26,2,0.0769230769230769
13,1978 Jul,"NE",1,1,1
13,1978 Jul,"OL",1,0,0
13,1978 Jul,"OT",1,1,1
13,1978 Jul,"PP",2,1,0.5
14,1978 Aug,"DM",19,3,0.157894736842105
14,1978 Aug,"DO",1,1,1
14,1978 Aug,"DS",21,2,0.0952380952380952
14,1978 Aug,"NE",3,1,0.333333333333333
14,1978 Aug,"PE",2,2,1
14,1978 Aug,"PP",1,1,1
15,1978 Sep,"DM",23,5,0.217391304347826
15,1978 Sep,"DO",1,0,0
15,1978 Sep,"DS",23,1,0.0434782608695652
15,1978 Sep,"NE",4,1,0.25
15,1978 Sep,"OL",1,0,0
15,1978 Sep,"OT",4,4,1
15,1978 Sep,"PE",2,2,1
15,1978 Sep,"PF",3,3,1
15,1978 Sep,"PP",4,3,0.75
16,1978 Oct,"DM",20,6,0.3
16,1978 Oct,"DO",2,1,0.5
16,1978 Oct,"DS",20,1,0.05
16,1978 Oct,"NE",4,4,1
16,1978 Oct,"OL",1,1,1
16,1978 Oct,"OT",1,1,1
16,1978 Oct,"PF",2,2,1
16,1978 Oct,"PP",1,0,0
17,1978 Nov,"DM",21,4,0.19047619047619
17,1978 Nov,"DO",3,1,0.333333333333333
17,1978 Nov,"DS",14,2,0.142857142857143
17,1978 Nov,"NE",2,0,0
17,1978 Nov,"OL",3,2,0.666666666666667
17,1978 Nov,"OT",6,5,0.833333333333333
17,1978 Nov,"PE",1,0,0
17,1978 Nov,"SH",1,1,1
18,1978 Dec,"DM",19,8,0.421052631578947
18,1978 Dec,"DO",2,0,0
18,1978 Dec,"DS",10,0,0
18,1978 Dec,"NE",2,0,0
18,1978 Dec,"OL",13,10,0.769230769230769
18,1978 Dec,"OT",2,2,1
20,1979 Jan,"DM",17,6,0.352941176470588
20,1979 Jan,"DO",1,0,0
20,1979 Jan,"DS",3,0,0
20,1979 Jan,"OL",5,4,0.8
20,1979 Jan,"OT",2,2,1
20,1979 Jan,"PE",1,0,0
21,1979 Feb,"DM",17,6,0.352941176470588
21,1979 Feb,"DO",2,2,1
21,1979 Feb,"DS",9,1,0.111111111111111
21,1979 Feb,"OL",5,3,0.6
21,1979 Feb,"PM",2,2,1
22,1979 Mar,"DM",12,3,0.25
22,1979 Mar,"DO",2,2,1
22,1979 Mar,"DS",17,7,0.411764705882353
22,1979 Mar,"PE",1,0,0
22,1979 Mar,"PF",1,1,1
23,1979 Apr,"DM",8,3,0.375
23,1979 Apr,"DO",1,0,0
23,1979 Apr,"DS",19,12,0.631578947368421
23,1979 Apr,"NE",4,4,1
23,1979 Apr,"OT",1,1,1
24,1979 May,"DM",15,3,0.2
24,1979 May,"DO",2,2,1
24,1979 May,"DS",24,7,0.291666666666667
24,1979 May,"NE",4,3,0.75
25,1979 Jul,"DM",8,3,0.375
25,1979 Jul,"DO",1,0,0
25,1979 Jul,"DS",14,7,0.5
25,1979 Jul,"NE",1,0,0
25,1979 Jul,"PF",1,1,1
25,1979 Jul,"PP",1,1,1
26,1979 Jul,"DM",7,2,0.285714285714286
26,1979 Jul,"DO",1,0,0
26,1979 Jul,"DS",14,6,0.428571428571429
26,1979 Jul,"NE",1,1,1
26,1979 Jul,"OL",1,0,0
26,1979 Jul,"OT",3,3,1
26,1979 Jul,"PE",1,1,1
26,1979 Jul,"PP",1,1,1
27,1979 Aug,"DM",9,0,0
27,1979 Aug,"DO",1,0,0
27,1979 Aug,"DS",13,0,0
27,1979 Aug,"NE",2,2,1
27,1979 Aug,"OL",3,2,0.666666666666667
27,1979 Aug,"OT",5,5,1
27,1979 Aug,"PP",1,1,1
28,1979 Sep,"DM",11,5,0.454545454545455
28,1979 Sep,"DS",8,0,0
28,1979 Sep,"OL",2,1,0.5
28,1979 Sep,"OT",7,5,0.714285714285714
28,1979 Sep,"PF",1,1,1
28,1979 Sep,"PP",2,1,0.5
29,1979 Oct,"DM",12,5,0.416666666666667
29,1979 Oct,"DO",5,4,0.8
29,1979 Oct,"DS",11,1,0.0909090909090909
29,1979 Oct,"NE",4,3,0.75
29,1979 Oct,"OT",5,3,0.6
29,1979 Oct,"PP",1,0,0
30,1979 Nov,"DM",16,4,0.25
30,1979 Nov,"DO",3,0,0
30,1979 Nov,"DS",8,1,0.125
30,1979 Nov,"NE",4,1,0.25
30,1979 Nov,"OL",6,3,0.5
30,1979 Nov,"OT",4,0,0
30,1979 Nov,"PF",1,0,0
30,1979 Nov,"PM",1,1,1
30,1979 Nov,"PP",1,0,0
30,1979 Nov,"RM",2,2,1
32,1980 Jan,"DM",25,12,0.48
32,1980 Jan,"DO",5,3,0.6
32,1980 Jan,"DS",8,1,0.125
32,1980 Jan,"NE",5,0,0
32,1980 Jan,"OL",11,7,0.636363636363636
32,1980 Jan,"OT",4,1,0.25
32,1980 Jan,"PF",3,3,1
32,1980 Jan,"RM",1,1,1
33,1980 Feb,"DM",13,3,0.230769230769231
33,1980 Feb,"DO",5,3,0.6
33,1980 Feb,"DS",7,3,0.428571428571429
33,1980 Feb,"NE",1,0,0
33,1980 Feb,"OL",8,1,0.125
33,1980 Feb,"OT",1,0,0
33,1980 Feb,"PE",1,1,1
33,1980 Feb,"PF",2,0,0
33,1980 Feb,"RM",2,2,1
34,1980 Mar,"DM",15,2,0.133333333333333
34,1980 Mar,"DO",1,0,0
34,1980 Mar,"DS",15,7,0.466666666666667
34,1980 Mar,"NE",1,1,1
34,1980 Mar,"OL",4,0,0
34,1980 Mar,"PF",3,3,1
34,1980 Mar,"RM",2,1,0.5
35,1980 Apr,"DM",15,6,0.4
35,1980 Apr,"DO",2,1,0.5
35,1980 Apr,"DS",17,6,0.352941176470588
35,1980 Apr,"OL",3,0,0
35,1980 Apr,"OT",1,1,1
35,1980 Apr,"PF",5,2,0.4
35,1980 Apr,"PP",1,0,0
36,1980 May,"DM",12,2,0.166666666666667
36,1980 May,"DO",3,1,0.333333333333333
36,1980 May,"DS",23,6,0.260869565217391
36,1980 May,"NE",5,4,0.8
36,1980 May,"OL",3,1,0.333333333333333
36,1980 May,"OT",1,0,0
36,1980 May,"PF",1,0,0
36,1980 May,"PP",2,0,0
37,1980 Jun,"DM",14,4,0.285714285714286
37,1980 Jun,"DO",5,1,0.2
37,1980 Jun,"DS",22,8,0.363636363636364
37,1980 Jun,"OL",1,0,0
37,1980 Jun,"OT",2,1,0.5
37,1980 Jun,"PF",1,1,1
37,1980 Jun,"PP",2,2,1
38,1980 Jul,"DM",10,2,0.2
38,1980 Jul,"DO",5,1,0.2
38,1980 Jul,"DS",14,0,0
38,1980 Jul,"NE",1,1,1
38,1980 Jul,"OT",1,0,0
38,1980 Jul,"PF",1,1,1
38,1980 Jul,"PP",1,0,0
39,1980 Aug,"DM",12,2,0.166666666666667
39,1980 Aug,"DO",3,0,0
39,1980 Aug,"DS",14,3,0.214285714285714
39,1980 Aug,"NE",2,2,1
39,1980 Aug,"OL",2,0,0
39,1980 Aug,"OT",2,2,1
39,1980 Aug,"PP",2,1,0.5
40,1980 Sep,"DM",10,2,0.2
40,1980 Sep,"DO",1,0,0
40,1980 Sep,"DS",18,1,0.0555555555555556
40,1980 Sep,"NE",2,1,0.5
40,1980 Sep,"OL",1,0,0
40,1980 Sep,"OT",5,4,0.8
40,1980 Sep,"PF",2,2,1
40,1980 Sep,"PP",4,3,0.75
41,1980 Oct,"DM",9,3,0.333333333333333
41,1980 Oct,"DO",1,0,0
41,1980 Oct,"DS",14,1,0.0714285714285714
41,1980 Oct,"NE",2,1,0.5
41,1980 Oct,"OL",7,5,0.714285714285714
41,1980 Oct,"OT",3,1,0.333333333333333
41,1980 Oct,"PF",2,1,0.5
41,1980 Oct,"PP",1,0,0
42,1980 Nov,"DM",13,5,0.384615384615385
42,1980 Nov,"DO",4,2,0.5
42,1980 Nov,"DS",16,3,0.1875
42,1980 Nov,"NE",2,1,0.5
42,1980 Nov,"OL",8,4,0.5
42,1980 Nov,"OT",2,0,0
42,1980 Nov,"PF",3,2,0.666666666666667
43,1980 Dec,"DM",24,13,0.541666666666667
43,1980 Dec,"DO",7,2,0.285714285714286
43,1980 Dec,"DS",16,2,0.125
43,1980 Dec,"NE",3,2,0.666666666666667
43,1980 Dec,"OL",3,0,0
43,1980 Dec,"OT",6,3,0.5
43,1980 Dec,"PE",1,1,1
43,1980 Dec,"PF",3,1,0.333333333333333
44,1981 Jan,"DM",14,5,0.357142857142857
44,1981 Jan,"DO",7,2,0.285714285714286
44,1981 Jan,"DS",12,2,0.166666666666667
44,1981 Jan,"NE",2,0,0
44,1981 Jan,"OL",3,1,0.333333333333333
44,1981 Jan,"OT",2,0,0
44,1981 Jan,"PP",1,0,0
44,1981 Jan,"RM",1,1,1
45,1981 Jan,"DM",8,4,0.5
45,1981 Jan,"DO",1,1,1
45,1981 Jan,"DS",7,1,0.142857142857143
45,1981 Jan,"NE",1,0,0
45,1981 Jan,"OL",3,0,0
45,1981 Jan,"PF",2,1,0.5
45,1981 Jan,"PP",1,0,0
45,1981 Jan,"RM",1,1,1
45,1981 Feb,"DM",11,2,0.181818181818182
45,1981 Feb,"DO",11,3,0.272727272727273
45,1981 Feb,"DS",10,1,0.1
45,1981 Feb,"NE",1,0,0
45,1981 Feb,"OL",1,0,0
46,1981 Mar,"DM",15,5,0.333333333333333
46,1981 Mar,"DO",3,1,0.333333333333333
46,1981 Mar,"DS",20,5,0.25
46,1981 Mar,"NE",1,0,0
46,1981 Mar,"OL",2,1,0.5
46,1981 Mar,"OT",6,5,0.833333333333333
46,1981 Mar,"PF",2,1,0.5
48,1981 May,"DM",18,6,0.333333333333333
48,1981 May,"DO",8,5,0.625
48,1981 May,"DS",23,10,0.434782608695652
48,1981 May,"OT",2,1,0.5
48,1981 May,"PF",2,1,0.5
48,1981 May,"PP",1,0,0
49,1981 Jun,"DM",18,7,0.388888888888889
49,1981 Jun,"DO",9,4,0.444444444444444
49,1981 Jun,"DS",24,9,0.375
49,1981 Jun,"NE",3,3,1
49,1981 Jun,"OL",1,0,0
49,1981 Jun,"OT",2,2,1
49,1981 Jun,"PE",1,1,1
49,1981 Jun,"PF",3,2,0.666666666666667
49,1981 Jun,"PP",4,2,0.5
50,1981 Jul,"DM",19,2,0.105263157894737
50,1981 Jul,"DO",6,2,0.333333333333333
50,1981 Jul,"DS",17,3,0.176470588235294
50,1981 Jul,"NE",3,3,1
50,1981 Jul,"PF",3,2,0.666666666666667
50,1981 Jul,"PP",2,1,0.5
51,1981 Jul,"DM",15,0,0
51,1981 Jul,"DO",3,1,0.333333333333333
51,1981 Jul,"DS",9,1,0.111111111111111
51,1981 Jul,"NE",1,1,1
51,1981 Jul,"OL",1,1,1
51,1981 Jul,"OT",3,2,0.666666666666667
51,1981 Jul,"PF",1,1,1
51,1981 Jul,"PP",5,3,0.6
52,1981 Aug,"DM",13,4,0.307692307692308
52,1981 Aug,"DO",4,1,0.25
52,1981 Aug,"DS",6,1,0.166666666666667
52,1981 Aug,"NE",3,2,0.666666666666667
52,1981 Aug,"PP",1,1,1
53,1981 Sep,"DM",9,2,0.222222222222222
53,1981 Sep,"DS",3,0,0
53,1981 Sep,"NE",2,1,0.5
53,1981 Sep,"OT",3,2,0.666666666666667
53,1981 Sep,"PE",2,2,1
53,1981 Oct,"DO",1,0,0
53,1981 Oct,"DS",6,0,0
53,1981 Oct,"NE",1,1,1
53,1981 Oct,"PE",1,1,1
53,1981 Oct,"RM",1,1,1
54,1981 Oct,"DM",17,4,0.235294117647059
54,1981 Oct,"DO",3,1,0.333333333333333
54,1981 Oct,"DS",10,2,0.2
54,1981 Oct,"NE",4,2,0.5
54,1981 Oct,"OL",4,4,1
54,1981 Oct,"OT",6,6,1
54,1981 Oct,"PF",3,3,1
54,1981 Oct,"PP",1,1,1
55,1981 Nov,"DM",26,12,0.461538461538462
55,1981 Nov,"DO",2,1,0.5
55,1981 Nov,"DS",13,1,0.0769230769230769
55,1981 Nov,"NE",5,0,0
55,1981 Nov,"OL",3,3,1
55,1981 Nov,"OT",4,1,0.25
55,1981 Nov,"PE",3,3,1
55,1981 Nov,"PF",1,1,1
55,1981 Nov,"RM",1,1,1
56,1981 Dec,"DM",13,4,0.307692307692308
56,1981 Dec,"DO",2,1,0.5
56,1981 Dec,"DS",10,3,0.3
56,1981 Dec,"NE",2,1,0.5
56,1981 Dec,"OL",1,0,0
56,1981 Dec,"OT",2,1,0.5
56,1981 Dec,"PF",1,1,1
56,1981 Dec,"RM",4,4,1
56,1982 Jan,"DM",7,4,0.571428571428571
56,1982 Jan,"DO",4,3,0.75
56,1982 Jan,"DS",6,2,0.333333333333333
56,1982 Jan,"NE",1,0,0
56,1982 Jan,"OL",1,1,1
56,1982 Jan,"PE",4,1,0.25
56,1982 Jan,"RM",1,1,1
57,1982 Jan,"DM",26,9,0.346153846153846
57,1982 Jan,"DO",3,3,1
57,1982 Jan,"DS",6,2,0.333333333333333
57,1982 Jan,"NE",4,1,0.25
57,1982 Jan,"OL",5,2,0.4
57,1982 Jan,"OT",3,1,0.333333333333333
57,1982 Jan,"PE",4,2,0.5
57,1982 Jan,"RM",4,2,0.5
58,1982 Feb,"DM",38,14,0.368421052631579
58,1982 Feb,"DO",4,2,0.5
58,1982 Feb,"DS",20,6,0.3
58,1982 Feb,"NE",3,0,0
58,1982 Feb,"OL",6,5,0.833333333333333
58,1982 Feb,"OT",3,1,0.333333333333333
58,1982 Feb,"PE",5,2,0.4
58,1982 Feb,"RM",15,11,0.733333333333333
59,1982 Mar,"DM",24,3,0.125
59,1982 Mar,"DO",6,0,0
59,1982 Mar,"DS",17,5,0.294117647058824
59,1982 Mar,"NE",4,2,0.5
59,1982 Mar,"OL",2,2,1
59,1982 Mar,"OT",4,2,0.5
59,1982 Mar,"PE",5,1,0.2
59,1982 Mar,"PF",1,1,1
59,1982 Mar,"PM",1,1,1
59,1982 Mar,"PP",1,0,0
59,1982 Mar,"RM",7,3,0.428571428571429
60,1982 Apr,"DM",20,1,0.05
60,1982 Apr,"DO",6,3,0.5
60,1982 Apr,"DS",26,13,0.5
60,1982 Apr,"NE",2,1,0.5
60,1982 Apr,"OL",1,0,0
60,1982 Apr,"OT",1,0,0
60,1982 Apr,"PE",2,1,0.5
60,1982 Apr,"PF",1,1,1
60,1982 Apr,"PM",2,2,1
60,1982 Apr,"PP",2,0,0
60,1982 Apr,"RM",2,1,0.5
61,1982 May,"DM",20,6,0.3
61,1982 May,"DO",6,2,0.333333333333333
61,1982 May,"DS",27,9,0.333333333333333
61,1982 May,"NE",4,3,0.75
61,1982 May,"OL",4,2,0.5
61,1982 May,"OT",2,1,0.5
61,1982 May,"PE",2,2,1
61,1982 May,"PF",1,1,1
61,1982 May,"PP",1,0,0
61,1982 May,"RM",1,1,1
61,1982 May,"SH",1,1,1
62,1982 Jun,"DM",26,8,0.307692307692308
62,1982 Jun,"DO",4,1,0.25
62,1982 Jun,"DS",29,10,0.344827586206897
62,1982 Jun,"NE",6,4,0.666666666666667
62,1982 Jun,"OL",3,1,0.333333333333333
62,1982 Jun,"OT",2,1,0.5
62,1982 Jun,"PE",1,1,1
62,1982 Jun,"PF",3,3,1
62,1982 Jun,"PP",2,1,0.5
62,1982 Jun,"SH",1,1,1
63,1982 Jul,"DM",28,10,0.357142857142857
63,1982 Jul,"DO",5,2,0.4
63,1982 Jul,"DS",28,5,0.178571428571429
63,1982 Jul,"NE",6,5,0.833333333333333
63,1982 Jul,"OL",2,2,1
63,1982 Jul,"OT",6,6,1
63,1982 Jul,"PE",1,0,0
63,1982 Jul,"PF",3,2,0.666666666666667
63,1982 Jul,"PP",3,1,0.333333333333333
63,1982 Jul,"RM",1,0,0
64,1982 Aug,"DM",39,8,0.205128205128205
64,1982 Aug,"DO",6,0,0
64,1982 Aug,"DS",22,1,0.0454545454545455
64,1982 Aug,"NE",4,0,0
64,1982 Aug,"OL",3,1,0.333333333333333
64,1982 Aug,"OT",1,0,0
64,1982 Aug,"PE",3,2,0.666666666666667
64,1982 Aug,"PF",8,5,0.625
64,1982 Aug,"PM",1,1,1
64,1982 Aug,"PP",5,2,0.4
64,1982 Aug,"RM",1,0,0
65,1982 Sep,"DM",30,5,0.166666666666667
65,1982 Sep,"DO",5,1,0.2
65,1982 Sep,"DS",15,5,0.333333333333333
65,1982 Sep,"NE",3,0,0
65,1982 Sep,"OL",6,4,0.666666666666667
65,1982 Sep,"OT",9,7,0.777777777777778
65,1982 Sep,"PF",5,4,0.8
65,1982 Sep,"PM",1,1,1
65,1982 Sep,"PP",1,0,0
67,1982 Nov,"DM",37,12,0.324324324324324
67,1982 Nov,"DO",13,12,0.923076923076923
67,1982 Nov,"DS",20,8,0.4
67,1982 Nov,"NE",4,2,0.5
67,1982 Nov,"OL",11,6,0.545454545454545
67,1982 Nov,"OT",4,2,0.5
67,1982 Nov,"PE",2,1,0.5
67,1982 Nov,"PF",15,13,0.866666666666667
67,1982 Nov,"RM",2,2,1
69,1983 Jan,"DM",38,9,0.236842105263158
69,1983 Jan,"DO",14,4,0.285714285714286
69,1983 Jan,"DS",17,4,0.235294117647059
69,1983 Jan,"NE",3,0,0
69,1983 Jan,"OL",6,0,0
69,1983 Jan,"OT",1,0,0
69,1983 Jan,"PE",1,0,0
69,1983 Jan,"PF",7,3,0.428571428571429
69,1983 Jan,"PM",1,1,1
69,1983 Jan,"RM",7,4,0.571428571428571
70,1983 Feb,"DM",29,4,0.137931034482759
70,1983 Feb,"DO",13,4,0.307692307692308
70,1983 Feb,"DS",9,0,0
70,1983 Feb,"OL",3,0,0
70,1983 Feb,"OT",2,1,0.5
70,1983 Feb,"PE",2,1,0.5
70,1983 Feb,"PF",2,0,0
70,1983 Feb,"PM",1,0,0
70,1983 Feb,"RM",5,3,0.6
71,1983 Mar,"DM",34,5,0.147058823529412
71,1983 Mar,"DO",11,3,0.272727272727273
71,1983 Mar,"DS",16,2,0.125
71,1983 Mar,"OL",8,3,0.375
71,1983 Mar,"OT",2,1,0.5
71,1983 Mar,"PE",2,1,0.5
71,1983 Mar,"PF",11,3,0.272727272727273
71,1983 Mar,"RM",7,2,0.285714285714286
72,1983 Apr,"DM",24,5,0.208333333333333
72,1983 Apr,"DO",7,4,0.571428571428571
72,1983 Apr,"DS",29,13,0.448275862068966
72,1983 Apr,"NE",3,3,1
72,1983 Apr,"OL",2,1,0.5
72,1983 Apr,"PE",4,3,0.75
72,1983 Apr,"PF",12,4,0.333333333333333
72,1983 Apr,"PM",2,1,0.5
72,1983 Apr,"RM",3,3,1
73,1983 May,"DM",23,9,0.391304347826087
73,1983 May,"DO",3,2,0.666666666666667
73,1983 May,"DS",22,1,0.0454545454545455
73,1983 May,"NE",1,0,0
73,1983 May,"OT",6,6,1
73,1983 May,"PE",2,1,0.5
73,1983 May,"PF",5,3,0.6
73,1983 May,"PM",1,1,1
73,1983 May,"PP",3,3,1
73,1983 May,"RM",3,1,0.333333333333333
74,1983 Jun,"DM",16,4,0.25
74,1983 Jun,"DO",11,8,0.727272727272727
74,1983 Jun,"DS",22,4,0.181818181818182
74,1983 Jun,"NE",3,2,0.666666666666667
74,1983 Jun,"OL",1,1,1
74,1983 Jun,"OT",4,3,0.75
74,1983 Jun,"PF",2,0,0
74,1983 Jun,"PP",3,3,1
74,1983 Jun,"RM",1,0,0
75,1983 Jul,"DM",18,8,0.444444444444444
75,1983 Jul,"DO",7,0,0
75,1983 Jul,"DS",8,0,0
75,1983 Jul,"NE",6,4,0.666666666666667
75,1983 Jul,"OT",5,4,0.8
75,1983 Jul,"PF",1,0,0
75,1983 Jul,"PP",4,2,0.5
75,1983 Jul,"RM",1,0,0
76,1983 Aug,"DM",24,12,0.5
76,1983 Aug,"DO",6,0,0
76,1983 Aug,"DS",12,3,0.25
76,1983 Aug,"DX",1,1,1
76,1983 Aug,"NE",6,3,0.5
76,1983 Aug,"OT",7,3,0.428571428571429
76,1983 Aug,"PF",4,1,0.25
76,1983 Aug,"PP",5,2,0.4
77,1983 Sep,"DM",26,8,0.307692307692308
77,1983 Sep,"DO",12,5,0.416666666666667
77,1983 Sep,"DS",21,4,0.19047619047619
77,1983 Sep,"NE",11,6,0.545454545454545
77,1983 Sep,"OT",2,0,0
77,1983 Sep,"PF",4,2,0.5
77,1983 Sep,"PP",3,2,0.666666666666667
78,1983 Oct,"DM",29,11,0.379310344827586
78,1983 Oct,"DO",11,7,0.636363636363636
78,1983 Oct,"DS",23,7,0.304347826086957
78,1983 Oct,"NE",5,1,0.2
78,1983 Oct,"OL",1,1,1
78,1983 Oct,"OT",8,4,0.5
78,1983 Oct,"PF",2,1,0.5
78,1983 Oct,"PP",1,1,1
78,1983 Oct,"RM",1,1,1
79,1983 Nov,"DM",28,7,0.25
79,1983 Nov,"DO",13,1,0.0769230769230769
79,1983 Nov,"DS",20,5,0.25
79,1983 Nov,"NE",4,1,0.25
79,1983 Nov,"OL",2,2,1
79,1983 Nov,"OT",5,2,0.4
79,1983 Nov,"PF",1,1,1
80,1983 Dec,"DM",23,4,0.173913043478261
80,1983 Dec,"DO",10,2,0.2
80,1983 Dec,"DS",17,1,0.0588235294117647
80,1983 Dec,"NE",4,0,0
80,1983 Dec,"OL",5,2,0.4
80,1983 Dec,"OT",7,3,0.428571428571429
80,1983 Dec,"RM",1,1,1
82,1984 Feb,"DM",22,5,0.227272727272727
82,1984 Feb,"DO",9,1,0.111111111111111
82,1984 Feb,"DS",10,3,0.3
82,1984 Feb,"OL",5,0,0
82,1984 Feb,"OT",3,3,1
82,1984 Feb,"RM",3,3,1
83,1984 Mar,"DM",17,2,0.117647058823529
83,1984 Mar,"DO",8,4,0.5
83,1984 Mar,"DS",13,3,0.230769230769231
83,1984 Mar,"NE",1,1,1
83,1984 Mar,"OL",2,0,0
83,1984 Mar,"OT",1,1,1
83,1984 Mar,"PP",1,0,0
83,1984 Mar,"RM",1,0,0
84,1984 Apr,"DM",12,4,0.333333333333333
84,1984 Apr,"DO",4,0,0
84,1984 Apr,"DS",12,3,0.25
84,1984 Apr,"NE",2,2,1
84,1984 Apr,"OL",1,1,1
84,1984 Apr,"OT",1,1,1
84,1984 Apr,"PM",2,2,1
84,1984 Apr,"PP",1,0,0
84,1984 Apr,"RM",1,1,1
86,1984 May,"DM",16,10,0.625
86,1984 May,"DO",5,3,0.6
86,1984 May,"DS",3,2,0.666666666666667
86,1984 May,"NE",5,5,1
86,1984 May,"OL",4,3,0.75
86,1984 May,"OT",3,2,0.666666666666667
86,1984 May,"OX",1,1,1
86,1984 May,"PP",1,1,1
87,1984 Jul,"DM",20,8,0.4
87,1984 Jul,"DO",6,3,0.5
87,1984 Jul,"DS",1,0,0
87,1984 Jul,"NE",4,2,0.5
87,1984 Jul,"OL",3,3,1
87,1984 Jul,"OT",1,1,1
87,1984 Jul,"PE",1,1,1
87,1984 Jul,"PP",1,1,1
88,1984 Jul,"DM",7,3,0.428571428571429
88,1984 Jul,"DO",1,0,0
88,1984 Jul,"DS",1,0,0
88,1984 Jul,"NE",3,2,0.666666666666667
88,1984 Jul,"OL",2,1,0.5
88,1984 Jul,"OT",2,1,0.5
88,1984 Aug,"DM",9,2,0.222222222222222
88,1984 Aug,"DO",3,1,0.333333333333333
88,1984 Aug,"DS",2,1,0.5
88,1984 Aug,"NE",1,0,0
88,1984 Aug,"OL",1,0,0
88,1984 Aug,"OT",2,2,1
88,1984 Aug,"PP",2,1,0.5
89,1984 Aug,"DM",14,2,0.142857142857143
89,1984 Aug,"DO",4,2,0.5
89,1984 Aug,"NE",4,1,0.25
89,1984 Aug,"OL",2,0,0
89,1984 Aug,"OT",4,2,0.5
89,1984 Aug,"PE",1,1,1
89,1984 Aug,"PH",1,1,1
89,1984 Aug,"PP",1,1,1
90,1984 Sep,"DM",31,16,0.516129032258065
90,1984 Sep,"DO",6,5,0.833333333333333
90,1984 Sep,"DS",3,2,0.666666666666667
90,1984 Sep,"NE",3,0,0
90,1984 Sep,"OL",3,0,0
90,1984 Sep,"OT",1,1,1
90,1984 Sep,"PP",1,0,0
91,1984 Oct,"DM",38,9,0.236842105263158
91,1984 Oct,"DO",10,6,0.6
91,1984 Oct,"DS",3,0,0
91,1984 Oct,"NE",2,2,1
91,1984 Oct,"OL",4,3,0.75
91,1984 Oct,"OT",2,2,1
91,1984 Oct,"RM",1,1,1
93,1984 Dec,"DM",21,9,0.428571428571429
93,1984 Dec,"DO",9,4,0.444444444444444
93,1984 Dec,"DS",1,1,1
93,1984 Dec,"OL",3,1,0.333333333333333
93,1984 Dec,"OT",3,2,0.666666666666667
93,1984 Dec,"PE",2,2,1
93,1984 Dec,"PM",1,1,1
94,1985 Jan,"DM",33,15,0.454545454545455
94,1985 Jan,"DO",18,9,0.5
94,1985 Jan,"DS",2,1,0.5
94,1985 Jan,"OL",2,0,0
94,1985 Jan,"OT",3,1,0.333333333333333
94,1985 Jan,"PE",1,1,1
94,1985 Jan,"PM",2,1,0.5
94,1985 Jan,"RM",1,1,1
95,1985 Feb,"DM",27,8,0.296296296296296
95,1985 Feb,"DO",10,1,0.1
95,1985 Feb,"DS",3,2,0.666666666666667
95,1985 Feb,"OL",8,5,0.625
95,1985 Feb,"OT",2,1,0.5
95,1985 Feb,"PE",3,1,0.333333333333333
95,1985 Feb,"PM",1,1,1
96,1985 Mar,"DM",22,6,0.272727272727273
96,1985 Mar,"DO",13,7,0.538461538461538
96,1985 Mar,"DS",4,1,0.25
96,1985 Mar,"OL",7,4,0.571428571428571
96,1985 Mar,"OT",3,2,0.666666666666667
96,1985 Mar,"RM",1,1,1
98,1985 May,"DM",20,12,0.6
98,1985 May,"DO",7,1,0.142857142857143
98,1985 May,"DS",6,4,0.666666666666667
98,1985 May,"OL",2,0,0
98,1985 May,"OT",1,1,1
98,1985 May,"PP",1,1,1
99,1985 Jun,"DM",25,8,0.32
99,1985 Jun,"DO",9,4,0.444444444444444
99,1985 Jun,"DS",10,6,0.6
99,1985 Jun,"NE",2,2,1
99,1985 Jun,"OL",1,1,1
99,1985 Jun,"PE",1,1,1
100,1985 Jul,"DM",28,11,0.392857142857143
100,1985 Jul,"DO",8,0,0
100,1985 Jul,"DS",9,3,0.333333333333333
100,1985 Jul,"NE",7,7,1
100,1985 Jul,"OL",2,1,0.5
100,1985 Jul,"OT",2,2,1
100,1985 Jul,"PE",1,0,0
101,1985 Aug,"DM",26,8,0.307692307692308
101,1985 Aug,"DO",10,3,0.3
101,1985 Aug,"DS",5,1,0.2
101,1985 Aug,"NE",5,2,0.4
101,1985 Aug,"OL",2,2,1
101,1985 Aug,"OT",1,0,0
101,1985 Aug,"PP",3,2,0.666666666666667
102,1985 Sep,"DM",33,14,0.424242424242424
102,1985 Sep,"DO",8,3,0.375
102,1985 Sep,"DS",8,4,0.5
102,1985 Sep,"NE",2,0,0
102,1985 Sep,"OL",3,1,0.333333333333333
102,1985 Sep,"OT",5,5,1
102,1985 Sep,"PE",1,1,1
102,1985 Sep,"PP",4,2,0.5
102,1985 Sep,"RM",1,1,1
103,1985 Oct,"DM",33,10,0.303030303030303
103,1985 Oct,"DO",12,3,0.25
103,1985 Oct,"DS",10,2,0.2
103,1985 Oct,"NE",5,2,0.4
103,1985 Oct,"OL",6,2,0.333333333333333
103,1985 Oct,"OT",9,8,0.888888888888889
103,1985 Oct,"PE",3,3,1
103,1985 Oct,"PP",2,1,0.5
104,1985 Nov,"DM",44,15,0.340909090909091
104,1985 Nov,"DO",8,2,0.25
104,1985 Nov,"DS",10,5,0.5
104,1985 Nov,"NE",3,2,0.666666666666667
104,1985 Nov,"OL",3,2,0.666666666666667
104,1985 Nov,"OT",6,2,0.333333333333333
104,1985 Nov,"PE",5,4,0.8
104,1985 Nov,"RM",1,1,1
105,1985 Dec,"DM",43,15,0.348837209302326
105,1985 Dec,"DO",7,2,0.285714285714286
105,1985 Dec,"DS",8,4,0.5
105,1985 Dec,"NE",2,2,1
105,1985 Dec,"OL",3,1,0.333333333333333
105,1985 Dec,"OT",5,1,0.2
105,1985 Dec,"PE",2,0,0
105,1985 Dec,"RM",3,3,1
108,1986 Mar,"DM",31,10,0.32258064516129
108,1986 Mar,"DO",9,6,0.666666666666667
108,1986 Mar,"DS",13,6,0.461538461538462
108,1986 Mar,"NE",4,3,0.75
108,1986 Mar,"OL",4,1,0.25
108,1986 Mar,"OT",3,2,0.666666666666667
108,1986 Mar,"PE",3,0,0
108,1986 Mar,"PP",1,0,0
108,1986 Mar,"RM",1,0,0
109,1986 Apr,"DM",32,10,0.3125
109,1986 Apr,"DO",6,4,0.666666666666667
109,1986 Apr,"DS",13,3,0.230769230769231
109,1986 Apr,"DX",1,1,1
109,1986 Apr,"NE",3,1,0.333333333333333
109,1986 Apr,"OL",5,1,0.2
109,1986 Apr,"PE",2,1,0.5
109,1986 Apr,"PM",1,1,1
110,1986 May,"DM",26,5,0.192307692307692
110,1986 May,"DO",3,1,0.333333333333333
110,1986 May,"DS",12,3,0.25
110,1986 May,"NE",7,3,0.428571428571429
110,1986 May,"OL",1,0,0
110,1986 May,"OT",2,1,0.5
110,1986 May,"PE",4,0,0
110,1986 May,"PM",1,1,1
110,1986 May,"PP",1,0,0
110,1986 May,"RM",1,0,0
111,1986 Jun,"DM",25,3,0.12
111,1986 Jun,"DO",7,2,0.285714285714286
111,1986 Jun,"DS",5,2,0.4
111,1986 Jun,"NE",5,0,0
111,1986 Jun,"OL",1,0,0
112,1986 Jul,"DM",31,8,0.258064516129032
112,1986 Jul,"DO",8,4,0.5
112,1986 Jul,"DS",7,2,0.285714285714286
112,1986 Jul,"NE",5,3,0.6
112,1986 Jul,"OL",2,1,0.5
112,1986 Jul,"OT",1,1,1
112,1986 Jul,"PE",1,0,0
112,1986 Jul,"PP",1,0,0
113,1986 Aug,"DM",23,2,0.0869565217391304
113,1986 Aug,"DO",3,1,0.333333333333333
113,1986 Aug,"DS",7,3,0.428571428571429
113,1986 Aug,"NE",4,3,0.75
113,1986 Aug,"OL",2,2,1
114,1986 Sep,"DM",24,5,0.208333333333333
114,1986 Sep,"DO",3,0,0
114,1986 Sep,"DS",7,1,0.142857142857143
114,1986 Sep,"NE",4,2,0.5
114,1986 Sep,"OL",2,1,0.5
114,1986 Sep,"OT",1,1,1
115,1986 Oct,"DM",23,5,0.217391304347826
115,1986 Oct,"DO",4,1,0.25
115,1986 Oct,"DS",6,1,0.166666666666667
115,1986 Oct,"NE",3,1,0.333333333333333
115,1986 Oct,"OL",3,2,0.666666666666667
115,1986 Oct,"OT",3,3,1
115,1986 Oct,"PE",2,2,1
115,1986 Oct,"PP",1,1,1
116,1986 Nov,"DM",33,16,0.484848484848485
116,1986 Nov,"DO",9,6,0.666666666666667
116,1986 Nov,"DS",8,1,0.125
116,1986 Nov,"NE",1,1,1
116,1986 Nov,"OL",6,4,0.666666666666667
116,1986 Nov,"OT",2,0,0
116,1986 Nov,"PM",3,3,1
116,1986 Nov,"RM",3,3,1
117,1986 Dec,"DM",26,6,0.230769230769231
117,1986 Dec,"DO",8,3,0.375
117,1986 Dec,"DS",8,1,0.125
117,1986 Dec,"NE",2,0,0
117,1986 Dec,"OL",4,1,0.25
117,1986 Dec,"OT",1,0,0
117,1986 Dec,"PM",3,2,0.666666666666667
117,1986 Dec,"RM",3,2,0.666666666666667
119,1987 Jan,"DM",8,2,0.25
119,1987 Jan,"DO",1,0,0
119,1987 Jan,"NE",5,4,0.8
119,1987 Jan,"OL",3,0,0
119,1987 Jan,"OT",1,0,0
119,1987 Jan,"RM",6,4,0.666666666666667
119,1987 Feb,"DM",20,7,0.35
119,1987 Feb,"DO",8,4,0.5
119,1987 Feb,"DS",9,1,0.111111111111111
119,1987 Feb,"NE",2,0,0
119,1987 Feb,"OL",1,0,0
119,1987 Feb,"OT",1,1,1
119,1987 Feb,"PE",4,3,0.75
120,1987 Mar,"DM",30,7,0.233333333333333
120,1987 Mar,"DO",12,5,0.416666666666667
120,1987 Mar,"DS",10,2,0.2
120,1987 Mar,"NE",2,0,0
120,1987 Mar,"OL",8,3,0.375
120,1987 Mar,"PE",2,0,0
120,1987 Mar,"PM",1,1,1
120,1987 Mar,"RM",3,3,1
121,1987 Apr,"DM",26,6,0.230769230769231
121,1987 Apr,"DO",10,5,0.5
121,1987 Apr,"DS",10,2,0.2
121,1987 Apr,"NE",5,3,0.6
121,1987 Apr,"OL",5,1,0.2
121,1987 Apr,"OT",2,1,0.5
121,1987 Apr,"PE",3,1,0.333333333333333
121,1987 Apr,"PM",3,0,0
121,1987 Apr,"PP",2,2,1
121,1987 Apr,"RM",2,1,0.5
122,1987 Apr,"DM",25,8,0.32
122,1987 Apr,"DO",8,3,0.375
122,1987 Apr,"DS",14,6,0.428571428571429
122,1987 Apr,"NE",9,6,0.666666666666667
122,1987 Apr,"OL",3,1,0.333333333333333
122,1987 Apr,"PE",5,3,0.6
122,1987 Apr,"PM",2,2,1
122,1987 Apr,"PP",2,2,1
123,1987 May,"DM",28,2,0.0714285714285714
123,1987 May,"DO",9,2,0.222222222222222
123,1987 May,"DS",10,3,0.3
123,1987 May,"NE",8,3,0.375
123,1987 May,"OL",6,3,0.5
123,1987 May,"OT",1,1,1
123,1987 May,"PE",3,3,1
123,1987 May,"PM",4,3,0.75
123,1987 May,"PP",1,0,0
123,1987 May,"RM",2,1,0.5
124,1987 Jun,"DM",12,7,0.583333333333333
124,1987 Jun,"DO",5,1,0.2
124,1987 Jun,"DS",3,3,1
124,1987 Jun,"NE",1,0,0
124,1987 Jun,"OL",1,1,1
124,1987 Jun,"PE",2,0,0
124,1987 Jun,"PM",1,1,1
124,1987 Jun,"PP",1,1,1
124,1987 Jun,"RM",1,1,1
124,1987 Jul,"DM",21,7,0.333333333333333
124,1987 Jul,"DO",4,0,0
124,1987 Jul,"DS",11,4,0.363636363636364
124,1987 Jul,"NE",4,1,0.25
124,1987 Jul,"OL",4,1,0.25
124,1987 Jul,"OT",1,1,1
124,1987 Jul,"PE",1,1,1
124,1987 Jul,"RM",1,1,1
125,1987 Jul,"DM",34,10,0.294117647058824
125,1987 Jul,"DO",10,3,0.3
125,1987 Jul,"DS",8,0,0
125,1987 Jul,"NE",9,6,0.666666666666667
125,1987 Jul,"OL",3,2,0.666666666666667
125,1987 Jul,"PE",9,6,0.666666666666667
125,1987 Jul,"PM",1,1,1
125,1987 Jul,"PP",1,0,0
125,1987 Jul,"RM",2,2,1
125,1987 Jul,"SH",1,1,1
126,1987 Aug,"DM",26,5,0.192307692307692
126,1987 Aug,"DO",9,3,0.333333333333333
126,1987 Aug,"DS",7,1,0.142857142857143
126,1987 Aug,"NE",8,4,0.5
126,1987 Aug,"OL",5,3,0.6
126,1987 Aug,"OT",3,3,1
126,1987 Aug,"PE",3,1,0.333333333333333
126,1987 Aug,"PM",3,2,0.666666666666667
126,1987 Aug,"PP",1,0,0
126,1987 Aug,"RM",2,2,1
127,1987 Sep,"DM",23,3,0.130434782608696
127,1987 Sep,"DO",8,1,0.125
127,1987 Sep,"DS",8,1,0.125
127,1987 Sep,"NE",9,4,0.444444444444444
127,1987 Sep,"OL",2,0,0
127,1987 Sep,"OT",8,7,0.875
127,1987 Sep,"PE",1,0,0
127,1987 Sep,"PM",3,3,1
127,1987 Sep,"PP",4,4,1
127,1987 Sep,"RM",1,1,1
128,1987 Oct,"DM",26,5,0.192307692307692
128,1987 Oct,"DO",9,3,0.333333333333333
128,1987 Oct,"DS",7,2,0.285714285714286
128,1987 Oct,"NE",7,0,0
128,1987 Oct,"OL",3,2,0.666666666666667
128,1987 Oct,"OT",3,2,0.666666666666667
128,1987 Oct,"PE",8,5,0.625
128,1987 Oct,"PF",1,1,1
128,1987 Oct,"PM",2,1,0.5
128,1987 Oct,"PP",1,0,0
128,1987 Oct,"RM",3,3,1
128,1987 Oct,"SH",2,2,1
128,1987 Oct,"UR",3,3,1
129,1987 Nov,"DM",34,8,0.235294117647059
129,1987 Nov,"DO",10,2,0.2
129,1987 Nov,"DS",5,1,0.2
129,1987 Nov,"NE",6,1,0.166666666666667
129,1987 Nov,"OL",8,6,0.75
129,1987 Nov,"OT",2,0,0
129,1987 Nov,"PE",14,8,0.571428571428571
129,1987 Nov,"PF",1,0,0
129,1987 Nov,"PM",2,0,0
129,1987 Nov,"RM",9,8,0.888888888888889
131,1988 Jan,"DM",27,4,0.148148148148148
131,1988 Jan,"DO",13,4,0.307692307692308
131,1988 Jan,"DS",5,1,0.2
131,1988 Jan,"NE",3,0,0
131,1988 Jan,"OL",2,0,0
131,1988 Jan,"OT",1,0,0
131,1988 Jan,"PE",8,1,0.125
131,1988 Jan,"PM",1,1,1
131,1988 Jan,"RM",8,5,0.625
131,1988 Jan,"SH",1,1,1
131,1988 Jan,"UR",1,1,1
132,1988 Feb,"DM",32,4,0.125
132,1988 Feb,"DO",16,5,0.3125
132,1988 Feb,"DS",5,0,0
132,1988 Feb,"NE",5,2,0.4
132,1988 Feb,"OL",4,0,0
132,1988 Feb,"OT",4,1,0.25
132,1988 Feb,"PE",6,3,0.5
132,1988 Feb,"PM",1,0,0
132,1988 Feb,"RM",5,2,0.4
132,1988 Feb,"SH",1,0,0
133,1988 Mar,"DM",37,12,0.324324324324324
133,1988 Mar,"DO",15,6,0.4
133,1988 Mar,"DS",4,0,0
133,1988 Mar,"NE",3,0,0
133,1988 Mar,"OL",3,1,0.333333333333333
133,1988 Mar,"OT",1,0,0
133,1988 Mar,"PE",2,0,0
133,1988 Mar,"PP",1,0,0
133,1988 Mar,"RM",8,4,0.5
134,1988 Apr,"DM",23,4,0.173913043478261
134,1988 Apr,"DO",11,1,0.0909090909090909
134,1988 Apr,"DS",6,2,0.333333333333333
134,1988 Apr,"NE",4,1,0.25
134,1988 Apr,"OL",5,3,0.6
134,1988 Apr,"OT",4,1,0.25
134,1988 Apr,"PE",2,1,0.5
134,1988 Apr,"PF",1,0,0
134,1988 Apr,"PP",1,0,0
134,1988 Apr,"RM",1,0,0
134,1988 Apr,"SH",1,1,1
135,1988 May,"DM",24,6,0.25
135,1988 May,"DO",12,1,0.0833333333333333
135,1988 May,"DS",7,3,0.428571428571429
135,1988 May,"NE",4,1,0.25
135,1988 May,"OT",2,0,0
135,1988 May,"PE",4,2,0.5
135,1988 May,"PM",1,1,1
135,1988 May,"PP",1,0,0
135,1988 May,"SH",1,0,0
136,1988 Jun,"DM",28,4,0.142857142857143
136,1988 Jun,"DO",10,1,0.1
136,1988 Jun,"DS",6,2,0.333333333333333
136,1988 Jun,"NE",6,3,0.5
136,1988 Jun,"OL",4,1,0.25
136,1988 Jun,"OT",1,1,1
136,1988 Jun,"PE",5,3,0.6
136,1988 Jun,"PP",1,1,1
136,1988 Jun,"SH",1,0,0
137,1988 Jul,"DM",25,3,0.12
137,1988 Jul,"DO",10,1,0.1
137,1988 Jul,"DS",4,0,0
137,1988 Jul,"NE",6,4,0.666666666666667
137,1988 Jul,"OL",1,1,1
137,1988 Jul,"OT",4,4,1
137,1988 Jul,"PE",1,1,1
137,1988 Jul,"PP",1,0,0
137,1988 Jul,"RM",1,1,1
137,1988 Jul,"SH",1,1,1
138,1988 Aug,"DM",26,6,0.230769230769231
138,1988 Aug,"DO",11,2,0.181818181818182
138,1988 Aug,"DS",4,0,0
138,1988 Aug,"NE",6,3,0.5
138,1988 Aug,"OL",2,0,0
138,1988 Aug,"OT",3,1,0.333333333333333
138,1988 Aug,"PE",6,1,0.166666666666667
138,1988 Aug,"PP",2,1,0.5
138,1988 Aug,"RM",1,1,1
139,1988 Sep,"DM",22,4,0.181818181818182
139,1988 Sep,"DO",4,1,0.25
139,1988 Sep,"DS",2,0,0
139,1988 Sep,"NE",4,2,0.5
139,1988 Sep,"OL",1,1,1
139,1988 Sep,"OT",3,3,1
139,1988 Sep,"PE",1,1,1
139,1988 Sep,"PP",2,0,0
139,1988 Sep,"SH",1,0,0
140,1988 Oct,"DM",31,9,0.290322580645161
140,1988 Oct,"DO",5,1,0.2
140,1988 Oct,"DS",3,1,0.333333333333333
140,1988 Oct,"NE",3,1,0.333333333333333
140,1988 Oct,"OL",1,0,0
140,1988 Oct,"OT",3,1,0.333333333333333
140,1988 Oct,"PE",1,1,1
141,1988 Nov,"DM",27,5,0.185185185185185
141,1988 Nov,"DO",5,3,0.6
141,1988 Nov,"DS",4,0,0
141,1988 Nov,"NE",1,1,1
141,1988 Nov,"OL",9,7,0.777777777777778
141,1988 Nov,"OT",7,3,0.428571428571429
141,1988 Nov,"PE",10,7,0.7
141,1988 Nov,"PH",1,1,1
141,1988 Nov,"RM",2,2,1
141,1988 Nov,"SH",2,2,1
142,1988 Dec,"DM",33,6,0.181818181818182
142,1988 Dec,"DO",9,6,0.666666666666667
142,1988 Dec,"DS",4,0,0
142,1988 Dec,"DX",1,1,1
142,1988 Dec,"NE",2,1,0.5
142,1988 Dec,"OL",7,1,0.142857142857143
142,1988 Dec,"OT",2,0,0
142,1988 Dec,"PE",5,1,0.2
142,1988 Dec,"RF",2,2,1
142,1988 Dec,"RM",13,12,0.923076923076923
142,1988 Dec,"SH",1,1,1
143,1989 Jan,"DM",33,6,0.181818181818182
143,1989 Jan,"DO",9,3,0.333333333333333
143,1989 Jan,"DS",3,0,0
143,1989 Jan,"NE",3,1,0.333333333333333
143,1989 Jan,"OL",8,1,0.125
143,1989 Jan,"OT",4,1,0.25
143,1989 Jan,"PE",7,2,0.285714285714286
143,1989 Jan,"PM",1,1,1
143,1989 Jan,"RF",1,0,0
143,1989 Jan,"RM",11,8,0.727272727272727
143,1989 Jan,"SH",3,0,0
144,1989 Feb,"DM",32,6,0.1875
144,1989 Feb,"DO",13,6,0.461538461538462
144,1989 Feb,"DS",3,0,0
144,1989 Feb,"NE",1,1,1
144,1989 Feb,"OL",9,0,0
144,1989 Feb,"OT",3,1,0.333333333333333
144,1989 Feb,"PE",10,4,0.4
144,1989 Feb,"RF",1,0,0
144,1989 Feb,"RM",21,15,0.714285714285714
144,1989 Feb,"SH",2,0,0
145,1989 Mar,"DM",22,3,0.136363636363636
145,1989 Mar,"DO",6,2,0.333333333333333
145,1989 Mar,"DS",5,2,0.4
145,1989 Mar,"NE",4,1,0.25
145,1989 Mar,"OL",5,0,0
145,1989 Mar,"PE",5,0,0
145,1989 Mar,"PM",2,2,1
145,1989 Mar,"RM",16,10,0.625
145,1989 Mar,"SH",3,1,0.333333333333333
146,1989 Apr,"DM",22,3,0.136363636363636
146,1989 Apr,"DO",6,1,0.166666666666667
146,1989 Apr,"DS",4,0,0
146,1989 Apr,"NE",3,2,0.666666666666667
146,1989 Apr,"OL",4,1,0.25
146,1989 Apr,"OT",1,0,0
146,1989 Apr,"PE",4,2,0.5
146,1989 Apr,"PP",1,0,0
146,1989 Apr,"RF",1,0,0
146,1989 Apr,"RM",10,2,0.2
146,1989 Apr,"SH",2,0,0
147,1989 May,"DM",26,8,0.307692307692308
147,1989 May,"DO",7,3,0.428571428571429
147,1989 May,"DS",3,0,0
147,1989 May,"NE",4,4,1
147,1989 May,"OL",2,0,0
147,1989 May,"OT",2,2,1
147,1989 May,"PE",3,2,0.666666666666667
147,1989 May,"RM",5,1,0.2
147,1989 May,"SH",2,2,1
148,1989 Jun,"DM",25,6,0.24
148,1989 Jun,"DO",6,1,0.166666666666667
148,1989 Jun,"DS",3,0,0
148,1989 Jun,"NE",3,2,0.666666666666667
148,1989 Jun,"OL",2,1,0.5
148,1989 Jun,"PE",5,2,0.4
148,1989 Jun,"RF",1,0,0
148,1989 Jun,"RM",6,2,0.333333333333333
148,1989 Jun,"SH",1,1,1
149,1989 Jul,"DM",21,4,0.19047619047619
149,1989 Jul,"DO",5,1,0.2
149,1989 Jul,"DS",3,0,0
149,1989 Jul,"NE",4,2,0.5
149,1989 Jul,"OL",2,0,0
149,1989 Jul,"OT",3,3,1
149,1989 Jul,"OX",1,1,1
149,1989 Jul,"PE",1,0,0
149,1989 Jul,"PP",1,1,1
149,1989 Jul,"RF",2,1,0.5
149,1989 Jul,"RM",3,1,0.333333333333333
149,1989 Jul,"SH",2,1,0.5
150,1989 Jul,"DM",28,8,0.285714285714286
150,1989 Jul,"DO",9,4,0.444444444444444
150,1989 Jul,"DS",2,0,0
150,1989 Jul,"NE",2,0,0
150,1989 Jul,"OL",1,0,0
150,1989 Jul,"OT",5,5,1
150,1989 Jul,"PE",2,2,1
150,1989 Jul,"PP",2,2,1
150,1989 Jul,"RF",1,1,1
150,1989 Jul,"RM",2,2,1
151,1989 Sep,"DM",20,4,0.2
151,1989 Sep,"DO",12,4,0.333333333333333
151,1989 Sep,"DS",1,0,0
151,1989 Sep,"NE",1,0,0
151,1989 Sep,"OL",2,2,1
151,1989 Sep,"OT",7,4,0.571428571428571
151,1989 Sep,"PE",1,0,0
151,1989 Sep,"PP",3,2,0.666666666666667
152,1989 Oct,"DM",26,7,0.269230769230769
152,1989 Oct,"DO",10,3,0.3
152,1989 Oct,"DS",2,0,0
152,1989 Oct,"NE",2,1,0.5
152,1989 Oct,"OL",1,0,0
152,1989 Oct,"OT",8,3,0.375
152,1989 Oct,"PE",5,4,0.8
152,1989 Oct,"PF",1,1,1
152,1989 Oct,"PP",1,0,0
152,1989 Oct,"RM",1,1,1
152,1989 Oct,"SH",2,2,1
153,1989 Nov,"DM",25,4,0.16
153,1989 Nov,"DO",15,6,0.4
153,1989 Nov,"DS",2,0,0
153,1989 Nov,"NE",3,0,0
153,1989 Nov,"OL",5,3,0.6
153,1989 Nov,"OT",10,5,0.5
153,1989 Nov,"PE",5,3,0.6
153,1989 Nov,"PF",1,0,0
153,1989 Nov,"PH",1,1,1
153,1989 Nov,"PP",2,1,0.5
153,1989 Nov,"RF",1,0,0
153,1989 Nov,"RM",4,4,1
153,1989 Nov,"SF",1,1,1
153,1989 Nov,"SH",1,1,1
154,1989 Dec,"DM",30,8,0.266666666666667
154,1989 Dec,"DO",18,4,0.222222222222222
154,1989 Dec,"DS",2,0,0
154,1989 Dec,"NE",1,0,0
154,1989 Dec,"OT",4,1,0.25
154,1989 Dec,"PE",5,3,0.6
154,1989 Dec,"PH",1,0,0
154,1989 Dec,"RF",1,0,0
154,1989 Dec,"RM",13,11,0.846153846153846
154,1989 Dec,"SF",2,1,0.5
155,1990 Jan,"DM",27,1,0.037037037037037
155,1990 Jan,"DO",18,7,0.388888888888889
155,1990 Jan,"DS",2,1,0.5
155,1990 Jan,"NE",1,0,0
155,1990 Jan,"OL",2,1,0.5
155,1990 Jan,"OT",5,2,0.4
155,1990 Jan,"PE",2,0,0
155,1990 Jan,"RM",3,2,0.666666666666667
155,1990 Jan,"SF",3,2,0.666666666666667
156,1990 Jan,"DM",33,7,0.212121212121212
156,1990 Jan,"DO",13,6,0.461538461538462
156,1990 Jan,"DS",1,0,0
156,1990 Jan,"NE",1,0,0
156,1990 Jan,"OL",2,1,0.5
156,1990 Jan,"OT",2,1,0.5
156,1990 Jan,"PE",1,0,0
156,1990 Jan,"PH",1,0,0
156,1990 Jan,"RM",3,3,1
156,1990 Jan,"SF",1,1,1
157,1990 Feb,"DM",35,3,0.0857142857142857
157,1990 Feb,"DO",17,8,0.470588235294118
157,1990 Feb,"DS",1,0,0
157,1990 Feb,"NE",5,1,0.2
157,1990 Feb,"OL",2,0,0
157,1990 Feb,"OT",2,0,0
157,1990 Feb,"PE",1,1,1
157,1990 Feb,"PH",1,0,0
157,1990 Feb,"RM",5,1,0.2
157,1990 Feb,"SF",3,1,0.333333333333333
158,1990 Mar,"DM",36,7,0.194444444444444
158,1990 Mar,"DO",17,2,0.117647058823529
158,1990 Mar,"DS",2,1,0.5
158,1990 Mar,"NE",1,0,0
158,1990 Mar,"OL",1,1,1
158,1990 Mar,"OT",3,2,0.666666666666667
158,1990 Mar,"PE",2,2,1
158,1990 Mar,"PH",1,0,0
158,1990 Mar,"RM",6,0,0
158,1990 Mar,"SF",2,1,0.5
158,1990 Mar,"SH",1,0,0
159,1990 Apr,"BA",1,1,1
159,1990 Apr,"DM",37,12,0.324324324324324
159,1990 Apr,"DO",15,3,0.2
159,1990 Apr,"DS",1,0,0
159,1990 Apr,"NE",2,1,0.5
159,1990 Apr,"OL",1,0,0
159,1990 Apr,"OT",2,0,0
159,1990 Apr,"PH",1,0,0
159,1990 Apr,"RM",1,1,1
159,1990 Apr,"SF",2,0,0
160,1990 May,"DM",35,9,0.257142857142857
160,1990 May,"DO",12,1,0.0833333333333333
160,1990 May,"DS",1,0,0
160,1990 May,"NE",1,1,1
160,1990 May,"OT",2,0,0
160,1990 May,"PH",1,0,0
161,1990 Jun,"DM",31,10,0.32258064516129
161,1990 Jun,"DO",14,2,0.142857142857143
161,1990 Jun,"DS",2,0,0
161,1990 Jun,"OT",2,1,0.5
162,1990 Jul,"DM",36,10,0.277777777777778
162,1990 Jul,"DO",11,2,0.181818181818182
162,1990 Jul,"DS",1,0,0
162,1990 Jul,"OL",1,1,1
162,1990 Jul,"OT",4,4,1
162,1990 Jul,"PH",2,1,0.5
163,1990 Aug,"DM",33,6,0.181818181818182
163,1990 Aug,"DO",14,4,0.285714285714286
163,1990 Aug,"DS",2,1,0.5
163,1990 Aug,"OL",1,1,1
163,1990 Aug,"OT",2,2,1
163,1990 Aug,"PP",1,1,1
164,1990 Sep,"DM",27,2,0.0740740740740741
164,1990 Sep,"DO",9,2,0.222222222222222
164,1990 Sep,"DS",1,0,0
164,1990 Sep,"NE",3,1,0.333333333333333
164,1990 Sep,"PP",2,2,1
165,1990 Oct,"DM",41,11,0.268292682926829
165,1990 Oct,"DO",8,1,0.125
165,1990 Oct,"DS",1,0,0
165,1990 Oct,"NE",3,0,0
165,1990 Oct,"OT",3,2,0.666666666666667
165,1990 Oct,"PP",1,1,1
166,1990 Nov,"DM",41,8,0.195121951219512
166,1990 Nov,"DO",10,3,0.3
166,1990 Nov,"DS",1,0,0
166,1990 Nov,"NE",1,0,0
166,1990 Nov,"OT",4,2,0.5
167,1990 Dec,"DM",45,7,0.155555555555556
167,1990 Dec,"DO",12,1,0.0833333333333333
167,1990 Dec,"DS",1,0,0
167,1990 Dec,"NE",2,1,0.5
167,1990 Dec,"OL",7,3,0.428571428571429
167,1990 Dec,"OT",4,0,0
167,1990 Dec,"RM",4,4,1
168,1991 Jan,"DM",39,6,0.153846153846154
168,1991 Jan,"DO",13,5,0.384615384615385
168,1991 Jan,"DS",1,0,0
168,1991 Jan,"NE",1,0,0
168,1991 Jan,"OL",6,1,0.166666666666667
168,1991 Jan,"OT",4,2,0.5
168,1991 Jan,"RM",7,7,1
169,1991 Feb,"DM",41,13,0.317073170731707
169,1991 Feb,"DO",13,6,0.461538461538462
169,1991 Feb,"DS",1,0,0
169,1991 Feb,"NE",1,0,0
169,1991 Feb,"OL",5,0,0
169,1991 Feb,"OT",5,1,0.2
169,1991 Feb,"RM",7,7,1
169,1991 Feb,"SF",1,1,1
170,1991 Mar,"DM",42,15,0.357142857142857
170,1991 Mar,"DO",14,2,0.142857142857143
170,1991 Mar,"DS",1,0,0
170,1991 Mar,"NE",1,0,0
170,1991 Mar,"OL",1,0,0
170,1991 Mar,"OT",2,0,0
170,1991 Mar,"RM",6,4,0.666666666666667
171,1991 Apr,"DM",30,10,0.333333333333333
171,1991 Apr,"DO",11,4,0.363636363636364
171,1991 Apr,"DS",1,0,0
171,1991 Apr,"DX",1,1,1
171,1991 Apr,"NE",4,4,1
171,1991 Apr,"OL",3,2,0.666666666666667
171,1991 Apr,"OT",1,1,1
171,1991 Apr,"PE",1,1,1
171,1991 Apr,"PP",2,2,1
172,1991 May,"DM",25,10,0.4
172,1991 May,"DO",10,5,0.5
172,1991 May,"DS",1,0,0
172,1991 May,"DX",2,2,1
172,1991 May,"NE",3,1,0.333333333333333
172,1991 May,"OL",1,0,0
172,1991 May,"OT",3,3,1
172,1991 May,"PE",1,1,1
172,1991 May,"PP",3,2,0.666666666666667
172,1991 May,"RM",1,1,1
173,1991 Jun,"DM",30,13,0.433333333333333
173,1991 Jun,"DO",9,6,0.666666666666667
173,1991 Jun,"DS",1,1,1
173,1991 Jun,"OL",4,4,1
173,1991 Jun,"OT",2,1,0.5
173,1991 Jun,"PE",2,2,1
173,1991 Jun,"PP",2,1,0.5
173,1991 Jun,"RM",2,1,0.5
174,1991 Jul,"DM",29,11,0.379310344827586
174,1991 Jul,"DO",7,4,0.571428571428571
174,1991 Jul,"DS",1,0,0
174,1991 Jul,"NE",3,2,0.666666666666667
174,1991 Jul,"OT",2,2,1
174,1991 Jul,"PF",1,1,1
174,1991 Jul,"PP",5,5,1
174,1991 Jul,"RM",1,1,1
175,1991 Aug,"DM",30,11,0.366666666666667
175,1991 Aug,"DO",7,4,0.571428571428571
175,1991 Aug,"DS",1,0,0
175,1991 Aug,"NE",1,0,0
175,1991 Aug,"OT",7,6,0.857142857142857
175,1991 Aug,"PF",1,1,1
175,1991 Aug,"PP",5,2,0.4
175,1991 Aug,"RM",1,1,1
176,1991 Sep,"DM",26,9,0.346153846153846
176,1991 Sep,"DO",8,1,0.125
176,1991 Sep,"DS",1,0,0
176,1991 Sep,"NE",1,0,0
176,1991 Sep,"OT",7,5,0.714285714285714
176,1991 Sep,"PE",1,1,1
176,1991 Sep,"PF",1,1,1
176,1991 Sep,"PP",4,2,0.5
177,1991 Oct,"BA",1,1,1
177,1991 Oct,"DM",30,10,0.333333333333333
177,1991 Oct,"DO",8,2,0.25
177,1991 Oct,"DS",1,0,0
177,1991 Oct,"OT",6,4,0.666666666666667
177,1991 Oct,"PE",4,4,1
177,1991 Oct,"PF",3,3,1
177,1991 Oct,"PP",4,3,0.75
177,1991 Oct,"RM",2,2,1
178,1991 Nov,"DM",33,6,0.181818181818182
178,1991 Nov,"DO",7,3,0.428571428571429
178,1991 Nov,"DS",1,0,0
178,1991 Nov,"DX",1,1,1
178,1991 Nov,"NE",1,1,1
178,1991 Nov,"OL",2,2,1
178,1991 Nov,"OT",12,7,0.583333333333333
178,1991 Nov,"PE",1,0,0
178,1991 Nov,"PF",2,2,1
178,1991 Nov,"RM",11,11,1
178,1991 Nov,"SO",1,1,1
179,1991 Dec,"DM",34,4,0.117647058823529
179,1991 Dec,"DO",13,5,0.384615384615385
179,1991 Dec,"OL",3,2,0.666666666666667
179,1991 Dec,"OT",8,0,0
179,1991 Dec,"PE",3,1,0.333333333333333
179,1991 Dec,"PF",1,0,0
179,1991 Dec,"RM",8,4,0.5
180,1992 Jan,"DM",27,3,0.111111111111111
180,1992 Jan,"DO",10,4,0.4
180,1992 Jan,"DS",1,1,1
180,1992 Jan,"DX",2,2,1
180,1992 Jan,"OL",1,1,1
180,1992 Jan,"OT",6,1,0.166666666666667
180,1992 Jan,"PE",2,0,0
180,1992 Jan,"PP",1,0,0
180,1992 Jan,"RM",5,2,0.4
180,1992 Jan,"UR",1,1,1
181,1992 Feb,"DM",28,3,0.107142857142857
181,1992 Feb,"DO",12,3,0.25
181,1992 Feb,"DS",1,1,1
181,1992 Feb,"DX",1,1,1
181,1992 Feb,"OL",2,2,1
181,1992 Feb,"OT",6,0,0
181,1992 Feb,"PE",6,2,0.333333333333333
181,1992 Feb,"RM",6,2,0.333333333333333
181,1992 Feb,"SO",1,1,1
182,1992 Mar,"DM",25,4,0.16
182,1992 Mar,"DO",11,1,0.0909090909090909
182,1992 Mar,"DS",1,0,0
182,1992 Mar,"DX",1,1,1
182,1992 Mar,"OL",1,1,1
182,1992 Mar,"OT",2,0,0
182,1992 Mar,"PE",6,1,0.166666666666667
182,1992 Mar,"RM",6,2,0.333333333333333
183,1992 Apr,"DM",33,8,0.242424242424242
183,1992 Apr,"DO",9,2,0.222222222222222
183,1992 Apr,"DS",2,1,0.5
183,1992 Apr,"OL",2,1,0.5
183,1992 Apr,"PE",2,0,0
183,1992 Apr,"PF",2,0,0
184,1992 May,"DM",28,11,0.392857142857143
184,1992 May,"DO",5,0,0
184,1992 May,"DS",1,0,0
184,1992 May,"OL",1,1,1
184,1992 May,"OT",1,1,1
184,1992 May,"PP",6,3,0.5
184,1992 May,"RM",1,0,0
184,1992 May,"SO",1,0,0
185,1992 May,"DM",31,18,0.580645161290323
185,1992 May,"DO",4,3,0.75
185,1992 May,"DS",2,1,0.5
185,1992 May,"DX",1,1,1
185,1992 May,"NE",1,0,0
185,1992 May,"OT",5,4,0.8
185,1992 May,"PP",2,1,0.5
186,1992 Jul,"DM",24,12,0.5
186,1992 Jul,"DO",9,6,0.666666666666667
186,1992 Jul,"DS",2,0,0
186,1992 Jul,"NE",1,1,1
186,1992 Jul,"OL",1,1,1
186,1992 Jul,"OT",1,1,1
186,1992 Jul,"PP",7,6,0.857142857142857
186,1992 Jul,"RM",1,1,1
187,1992 Jul,"DM",18,11,0.611111111111111
187,1992 Jul,"DO",7,6,0.857142857142857
187,1992 Jul,"DS",1,0,0
187,1992 Jul,"DX",1,1,1
187,1992 Jul,"NE",2,2,1
187,1992 Jul,"OL",4,4,1
187,1992 Jul,"OT",3,2,0.666666666666667
187,1992 Jul,"PP",5,5,1
187,1992 Jul,"RM",1,1,1
188,1992 Aug,"DM",19,6,0.315789473684211
188,1992 Aug,"DO",8,3,0.375
188,1992 Aug,"DS",2,0,0
188,1992 Aug,"NE",1,1,1
188,1992 Aug,"OL",3,2,0.666666666666667
188,1992 Aug,"OT",2,1,0.5
188,1992 Aug,"PF",1,1,1
188,1992 Aug,"PP",11,5,0.454545454545455
188,1992 Aug,"SO",1,0,0
189,1992 Sep,"DM",23,9,0.391304347826087
189,1992 Sep,"DO",5,2,0.4
189,1992 Sep,"DS",2,1,0.5
189,1992 Sep,"DX",2,2,1
189,1992 Sep,"NE",2,1,0.5
189,1992 Sep,"OL",2,2,1
189,1992 Sep,"PE",1,1,1
189,1992 Sep,"PF",3,2,0.666666666666667
189,1992 Sep,"PP",11,7,0.636363636363636
189,1992 Sep,"RM",1,1,1
189,1992 Sep,"SO",1,1,1
190,1992 Oct,"DM",29,12,0.413793103448276
190,1992 Oct,"DO",5,1,0.2
190,1992 Oct,"DS",1,0,0
190,1992 Oct,"DX",1,1,1
190,1992 Oct,"NE",2,1,0.5
190,1992 Oct,"OL",5,4,0.8
190,1992 Oct,"OT",2,0,0
190,1992 Oct,"PF",4,3,0.75
190,1992 Oct,"PP",1,1,1
190,1992 Oct,"RM",4,3,0.75
192,1992 Dec,"DM",17,4,0.235294117647059
192,1992 Dec,"DO",1,0,0
192,1992 Dec,"DS",2,0,0
192,1992 Dec,"DX",1,1,1
192,1992 Dec,"NE",1,0,0
192,1992 Dec,"OL",1,1,1
192,1992 Dec,"PF",1,1,1
192,1992 Dec,"RM",2,2,1
193,1993 Jan,"DM",16,5,0.3125
193,1993 Jan,"DO",3,2,0.666666666666667
193,1993 Jan,"DS",2,1,0.5
193,1993 Jan,"NE",2,1,0.5
193,1993 Jan,"OL",1,0,0
193,1993 Jan,"PE",1,1,1
193,1993 Jan,"RM",3,3,1
194,1993 Feb,"DM",15,3,0.2
194,1993 Feb,"DO",1,1,1
194,1993 Feb,"DS",1,0,0
194,1993 Feb,"OL",1,0,0
194,1993 Feb,"OX",1,1,1
194,1993 Feb,"PF",3,2,0.666666666666667
194,1993 Feb,"PP",1,0,0
194,1993 Feb,"RM",4,4,1
195,1993 Mar,"DM",43,20,0.465116279069767
195,1993 Mar,"DO",2,0,0
195,1993 Mar,"DS",2,0,0
195,1993 Mar,"OL",2,0,0
195,1993 Mar,"OT",2,2,1
195,1993 Mar,"PE",1,1,1
195,1993 Mar,"PF",3,0,0
195,1993 Mar,"PP",3,0,0
195,1993 Mar,"RM",1,1,1
196,1993 Apr,"DM",15,10,0.666666666666667
196,1993 Apr,"DO",1,1,1
196,1993 Apr,"DS",2,2,1
196,1993 Apr,"OL",1,1,1
196,1993 Apr,"PP",8,8,1
196,1993 Apr,"RM",2,2,1
197,1993 May,"DM",18,10,0.555555555555556
197,1993 May,"DO",5,5,1
197,1993 May,"DS",3,3,1
197,1993 May,"OL",1,1,1
197,1993 May,"OT",3,3,1
197,1993 May,"PE",1,1,1
197,1993 May,"PF",1,1,1
197,1993 May,"PP",2,2,1
198,1993 Jun,"DM",19,9,0.473684210526316
198,1993 Jun,"DO",3,1,0.333333333333333
198,1993 Jun,"DS",3,1,0.333333333333333
198,1993 Jun,"OL",2,1,0.5
198,1993 Jun,"PP",4,3,0.75
199,1993 Jul,"DM",19,7,0.368421052631579
199,1993 Jul,"DO",1,1,1
199,1993 Jul,"DS",1,0,0
199,1993 Jul,"NE",1,1,1
199,1993 Jul,"OL",2,1,0.5
199,1993 Jul,"PF",3,3,1
199,1993 Jul,"PP",2,0,0
199,1993 Jul,"RM",1,1,1
200,1993 Aug,"DM",21,6,0.285714285714286
200,1993 Aug,"DO",1,0,0
200,1993 Aug,"DX",1,1,1
200,1993 Aug,"NE",1,1,1
200,1993 Aug,"OT",2,2,1
200,1993 Aug,"PF",4,4,1
200,1993 Aug,"PP",2,0,0
200,1993 Aug,"SO",1,1,1
201,1993 Sep,"DM",15,2,0.133333333333333
201,1993 Sep,"DO",2,0,0
201,1993 Sep,"DS",1,1,1
201,1993 Sep,"NE",2,1,0.5
201,1993 Sep,"OL",1,1,1
201,1993 Sep,"PF",2,2,1
202,1993 Oct,"DM",23,5,0.217391304347826
202,1993 Oct,"DO",1,0,0
202,1993 Oct,"DS",1,0,0
202,1993 Oct,"NE",1,0,0
202,1993 Oct,"OL",2,2,1
202,1993 Oct,"OT",1,1,1
202,1993 Oct,"PF",2,1,0.5
203,1993 Nov,"DM",23,5,0.217391304347826
203,1993 Nov,"DO",2,1,0.5
203,1993 Nov,"DS",1,1,1
203,1993 Nov,"NE",3,1,0.333333333333333
203,1993 Nov,"OL",1,1,1
203,1993 Nov,"OT",3,2,0.666666666666667
203,1993 Nov,"SO",1,1,1
204,1993 Dec,"DM",17,3,0.176470588235294
204,1993 Dec,"DO",3,0,0
204,1993 Dec,"DS",1,0,0
204,1993 Dec,"DX",1,1,1
204,1993 Dec,"NE",1,1,1
204,1993 Dec,"OL",2,1,0.5
204,1993 Dec,"RM",1,1,1
205,1994 Feb,"DM",23,1,0.0434782608695652
205,1994 Feb,"DO",1,0,0
205,1994 Feb,"OT",2,0,0
206,1994 Feb,"DM",24,6,0.25
206,1994 Feb,"DX",1,1,1
206,1994 Feb,"OT",1,0,0
206,1994 Feb,"RM",1,1,1
207,1994 Mar,"DM",25,5,0.2
207,1994 Mar,"DO",1,0,0
207,1994 Mar,"DS",1,0,0
207,1994 Mar,"OT",4,2,0.5
208,1994 Apr,"DM",36,14,0.388888888888889
208,1994 Apr,"DO",2,0,0
208,1994 Apr,"DS",2,1,0.5
208,1994 Apr,"NE",1,1,1
208,1994 Apr,"OT",3,0,0
208,1994 Apr,"PF",1,1,1
208,1994 Apr,"PP",2,2,1
209,1994 May,"DM",22,6,0.272727272727273
209,1994 May,"DO",2,1,0.5
209,1994 May,"DS",1,0,0
209,1994 May,"NE",1,1,1
209,1994 May,"OT",1,0,0
210,1994 Jun,"DM",15,6,0.4
210,1994 Jun,"DO",2,1,0.5
210,1994 Jun,"DS",1,1,1
210,1994 Jun,"OL",1,1,1
210,1994 Jun,"PF",1,1,1
210,1994 Jun,"RM",1,1,1
211,1994 Jul,"DM",17,1,0.0588235294117647
211,1994 Jul,"DO",3,1,0.333333333333333
211,1994 Jul,"DS",1,0,0
211,1994 Jul,"PP",1,1,1
212,1994 Aug,"DM",16,4,0.25
212,1994 Aug,"DS",1,0,0
212,1994 Aug,"OL",2,2,1
212,1994 Aug,"PF",1,0,0
212,1994 Aug,"PP",3,3,1
213,1994 Sep,"DM",16,2,0.125
213,1994 Sep,"DS",1,0,0
213,1994 Sep,"OL",1,1,1
213,1994 Sep,"PP",3,1,0.333333333333333
214,1994 Oct,"DM",27,6,0.222222222222222
214,1994 Oct,"DO",4,2,0.5
214,1994 Oct,"DS",1,0,0
214,1994 Oct,"NE",1,1,1
214,1994 Oct,"OL",2,0,0
214,1994 Oct,"PF",4,3,0.75
214,1994 Oct,"PP",2,0,0
215,1994 Nov,"DM",27,6,0.222222222222222
215,1994 Nov,"DO",4,1,0.25
215,1994 Nov,"NE",1,0,0
215,1994 Nov,"PF",3,2,0.666666666666667
216,1994 Dec,"DM",26,3,0.115384615384615
216,1994 Dec,"DO",6,2,0.333333333333333
216,1994 Dec,"DX",1,1,1
217,1995 Jan,"DM",23,1,0.0434782608695652
217,1995 Jan,"DO",6,1,0.166666666666667
218,1995 Feb,"DM",30,9,0.3
218,1995 Feb,"DO",6,1,0.166666666666667
218,1995 Feb,"OL",1,1,1
219,1995 Mar,"DM",27,8,0.296296296296296
219,1995 Mar,"DO",6,3,0.5
219,1995 Mar,"OL",1,1,1
219,1995 Mar,"PF",2,1,0.5
219,1995 Mar,"RM",1,1,1
220,1995 Apr,"DM",32,14,0.4375
220,1995 Apr,"DO",5,2,0.4
220,1995 Apr,"PF",2,1,0.5
220,1995 Apr,"RM",1,1,1
221,1995 Apr,"DM",27,16,0.592592592592593
221,1995 Apr,"DO",6,4,0.666666666666667
221,1995 Apr,"DX",1,1,1
221,1995 Apr,"PE",1,1,1
221,1995 Apr,"PF",1,1,1
221,1995 Apr,"PP",1,1,1
221,1995 Apr,"RX",1,1,1
222,1995 Jun,"DM",32,10,0.3125
222,1995 Jun,"DO",2,1,0.5
222,1995 Jun,"NE",1,1,1
222,1995 Jun,"OL",2,2,1
222,1995 Jun,"PP",5,4,0.8
223,1995 Jun,"DM",32,18,0.5625
223,1995 Jun,"DO",1,0,0
223,1995 Jun,"OL",1,1,1
223,1995 Jun,"PF",1,0,0
223,1995 Jun,"PP",4,4,1
224,1995 Jul,"DM",33,10,0.303030303030303
224,1995 Jul,"DO",5,2,0.4
224,1995 Jul,"OT",1,1,1
224,1995 Jul,"PF",3,3,1
224,1995 Jul,"PH",2,2,1
224,1995 Jul,"PI",1,1,1
224,1995 Jul,"PP",22,18,0.818181818181818
225,1995 Aug,"DM",30,3,0.1
225,1995 Aug,"DO",1,0,0
225,1995 Aug,"OL",4,2,0.5
225,1995 Aug,"OT",2,2,1
225,1995 Aug,"PE",1,1,1
225,1995 Aug,"PF",3,2,0.666666666666667
225,1995 Aug,"PP",29,25,0.862068965517241
226,1995 Sep,"DM",32,6,0.1875
226,1995 Sep,"DO",4,2,0.5
226,1995 Sep,"NE",1,1,1
226,1995 Sep,"OL",1,1,1
226,1995 Sep,"OT",3,3,1
226,1995 Sep,"PB",1,1,1
226,1995 Sep,"PF",12,11,0.916666666666667
226,1995 Sep,"PH",1,1,1
226,1995 Sep,"PP",28,19,0.678571428571429
227,1995 Oct,"DM",39,15,0.384615384615385
227,1995 Oct,"DO",2,2,1
227,1995 Oct,"NE",2,1,0.5
227,1995 Oct,"OT",4,3,0.75
227,1995 Oct,"PB",2,1,0.5
227,1995 Oct,"PE",2,2,1
227,1995 Oct,"PF",13,11,0.846153846153846
227,1995 Oct,"PP",22,10,0.454545454545455
227,1995 Oct,"RM",1,1,1
228,1995 Dec,"DM",39,15,0.384615384615385
228,1995 Dec,"DO",5,4,0.8
228,1995 Dec,"NE",2,0,0
228,1995 Dec,"OL",1,0,0
228,1995 Dec,"OT",2,1,0.5
228,1995 Dec,"PB",1,1,1
228,1995 Dec,"PE",1,1,1
228,1995 Dec,"PF",9,5,0.555555555555556
228,1995 Dec,"PP",2,0,0
228,1995 Dec,"RM",1,0,0
229,1995 Dec,"DM",40,17,0.425
229,1995 Dec,"DO",5,5,1
229,1995 Dec,"NE",1,0,0
229,1995 Dec,"OT",7,3,0.428571428571429
229,1995 Dec,"PB",2,1,0.5
229,1995 Dec,"PF",6,3,0.5
229,1995 Dec,"PM",1,1,1
229,1995 Dec,"PP",1,0,0
229,1995 Dec,"RM",2,2,1
230,1996 Jan,"DM",49,35,0.714285714285714
230,1996 Jan,"DO",13,10,0.769230769230769
230,1996 Jan,"OL",1,0,0
230,1996 Jan,"OT",1,1,1
230,1996 Jan,"PB",3,3,1
230,1996 Jan,"PE",2,2,1
230,1996 Jan,"PF",7,6,0.857142857142857
230,1996 Jan,"RM",1,1,1
231,1996 Feb,"DM",49,15,0.306122448979592
231,1996 Feb,"DO",12,7,0.583333333333333
231,1996 Feb,"DX",1,1,1
231,1996 Feb,"OL",1,0,0
231,1996 Feb,"OT",2,1,0.5
231,1996 Feb,"PB",2,0,0
231,1996 Feb,"PE",4,3,0.75
231,1996 Feb,"PF",9,4,0.444444444444444
231,1996 Feb,"PM",2,2,1
231,1996 Feb,"PP",3,0,0
231,1996 Feb,"RM",2,1,0.5
232,1996 Mar,"DM",30,10,0.333333333333333
232,1996 Mar,"DO",9,4,0.444444444444444
232,1996 Mar,"OL",2,1,0.5
232,1996 Mar,"OT",4,0,0
232,1996 Mar,"PB",1,0,0
232,1996 Mar,"PE",5,2,0.4
232,1996 Mar,"PF",6,5,0.833333333333333
232,1996 Mar,"PM",3,3,1
232,1996 Mar,"PP",9,6,0.666666666666667
232,1996 Mar,"RM",4,3,0.75
233,1996 Apr,"DM",42,14,0.333333333333333
233,1996 Apr,"DO",17,11,0.647058823529412
233,1996 Apr,"OL",1,0,0
233,1996 Apr,"OT",1,0,0
233,1996 Apr,"PE",4,0,0
233,1996 Apr,"PF",20,13,0.65
233,1996 Apr,"PM",2,1,0.5
233,1996 Apr,"PP",13,6,0.461538461538462
233,1996 Apr,"RM",10,7,0.7
234,1996 May,"DM",33,9,0.272727272727273
234,1996 May,"DO",6,1,0.166666666666667
234,1996 May,"NE",1,1,1
234,1996 May,"PE",2,0,0
234,1996 May,"PF",7,4,0.571428571428571
234,1996 May,"PP",5,2,0.4
235,1996 Jun,"DM",30,8,0.266666666666667
235,1996 Jun,"DO",12,3,0.25
235,1996 Jun,"OL",1,1,1
235,1996 Jun,"OT",1,0,0
235,1996 Jun,"PB",1,1,1
235,1996 Jun,"PE",1,0,0
235,1996 Jun,"PF",12,8,0.666666666666667
235,1996 Jun,"PM",3,3,1
235,1996 Jun,"PP",12,8,0.666666666666667
236,1996 Jul,"DM",20,3,0.15
236,1996 Jul,"DO",7,1,0.142857142857143
236,1996 Jul,"OT",4,2,0.5
236,1996 Jul,"PB",1,1,1
236,1996 Jul,"PF",10,6,0.6
236,1996 Jul,"PP",12,9,0.75
237,1996 Aug,"DM",21,2,0.0952380952380952
237,1996 Aug,"DO",5,2,0.4
237,1996 Aug,"PB",1,0,0
237,1996 Aug,"PF",3,1,0.333333333333333
237,1996 Aug,"PP",21,13,0.619047619047619
238,1996 Sep,"DM",37,16,0.432432432432432
238,1996 Sep,"DO",8,5,0.625
238,1996 Sep,"NE",1,1,1
238,1996 Sep,"OT",10,8,0.8
238,1996 Sep,"PB",6,4,0.666666666666667
238,1996 Sep,"PF",11,8,0.727272727272727
238,1996 Sep,"PP",11,9,0.818181818181818
239,1996 Oct,"DM",39,15,0.384615384615385
239,1996 Oct,"DO",8,1,0.125
239,1996 Oct,"NE",2,1,0.5
239,1996 Oct,"OL",1,1,1
239,1996 Oct,"OT",11,8,0.727272727272727
239,1996 Oct,"PB",5,2,0.4
239,1996 Oct,"PF",11,8,0.727272727272727
239,1996 Oct,"PP",4,3,0.75
240,1996 Nov,"DM",42,13,0.30952380952381
240,1996 Nov,"DO",9,4,0.444444444444444
240,1996 Nov,"NE",3,2,0.666666666666667
240,1996 Nov,"OT",8,4,0.5
240,1996 Nov,"PB",3,1,0.333333333333333
240,1996 Nov,"PE",2,2,1
240,1996 Nov,"PF",10,6,0.6
240,1996 Nov,"PM",1,1,1
240,1996 Nov,"RM",1,1,1
241,1996 Dec,"DM",47,10,0.212765957446809
241,1996 Dec,"DO",16,7,0.4375
241,1996 Dec,"OT",7,3,0.428571428571429
241,1996 Dec,"PB",4,0,0
241,1996 Dec,"PF",4,2,0.5
241,1996 Dec,"PM",2,1,0.5
241,1996 Dec,"RM",2,2,1
243,1997 Feb,"DM",77,35,0.454545454545455
243,1997 Feb,"DO",23,11,0.478260869565217
243,1997 Feb,"OL",1,0,0
243,1997 Feb,"OT",12,6,0.5
243,1997 Feb,"PB",6,3,0.5
243,1997 Feb,"PE",1,1,1
243,1997 Feb,"PF",6,4,0.666666666666667
243,1997 Feb,"PL",2,2,1
243,1997 Feb,"PM",5,3,0.6
243,1997 Feb,"RM",7,7,1
244,1997 Mar,"DM",81,26,0.320987654320988
244,1997 Mar,"DO",24,14,0.583333333333333
244,1997 Mar,"NE",1,1,1
244,1997 Mar,"OL",1,0,0
244,1997 Mar,"OT",13,5,0.384615384615385
244,1997 Mar,"PB",4,2,0.5
244,1997 Mar,"PE",2,2,1
244,1997 Mar,"PF",14,7,0.5
244,1997 Mar,"PM",4,4,1
244,1997 Mar,"PP",7,5,0.714285714285714
244,1997 Mar,"RM",13,13,1
245,1997 Apr,"DM",54,16,0.296296296296296
245,1997 Apr,"DO",20,9,0.45
245,1997 Apr,"OL",3,2,0.666666666666667
245,1997 Apr,"OT",12,2,0.166666666666667
245,1997 Apr,"PB",3,1,0.333333333333333
245,1997 Apr,"PE",1,1,1
245,1997 Apr,"PF",8,4,0.5
245,1997 Apr,"PM",9,8,0.888888888888889
245,1997 Apr,"PP",30,20,0.666666666666667
245,1997 Apr,"RM",12,12,1
246,1997 May,"DM",42,6,0.142857142857143
246,1997 May,"DO",23,9,0.391304347826087
246,1997 May,"NE",6,5,0.833333333333333
246,1997 May,"OL",1,0,0
246,1997 May,"OT",21,12,0.571428571428571
246,1997 May,"PB",5,4,0.8
246,1997 May,"PE",1,1,1
246,1997 May,"PF",6,3,0.5
246,1997 May,"PM",8,6,0.75
246,1997 May,"PP",19,8,0.421052631578947
246,1997 May,"RM",1,1,1
246,1997 May,"SO",2,2,1
247,1997 Jun,"DM",50,9,0.18
247,1997 Jun,"DO",17,2,0.117647058823529
247,1997 Jun,"NE",4,3,0.75
247,1997 Jun,"OL",1,1,1
247,1997 Jun,"OT",21,10,0.476190476190476
247,1997 Jun,"PB",11,8,0.727272727272727
247,1997 Jun,"PE",1,1,1
247,1997 Jun,"PF",7,3,0.428571428571429
247,1997 Jun,"PM",8,5,0.625
247,1997 Jun,"PP",19,10,0.526315789473684
248,1997 Jul,"DM",48,5,0.104166666666667
248,1997 Jul,"DO",22,10,0.454545454545455
248,1997 Jul,"DS",1,1,1
248,1997 Jul,"NE",1,0,0
248,1997 Jul,"OL",1,0,0
248,1997 Jul,"OT",13,4,0.307692307692308
248,1997 Jul,"PB",10,5,0.5
248,1997 Jul,"PF",9,7,0.777777777777778
248,1997 Jul,"PM",7,5,0.714285714285714
248,1997 Jul,"PP",30,19,0.633333333333333
249,1997 Jul,"DM",41,6,0.146341463414634
249,1997 Jul,"DO",15,6,0.4
249,1997 Jul,"DS",1,1,1
249,1997 Jul,"NE",5,3,0.6
249,1997 Jul,"OT",11,7,0.636363636363636
249,1997 Jul,"PB",6,2,0.333333333333333
249,1997 Jul,"PF",6,4,0.666666666666667
249,1997 Jul,"PM",2,1,0.5
249,1997 Jul,"PP",22,15,0.681818181818182
249,1997 Jul,"RM",1,1,1
249,1997 Jul,"SH",2,2,1
251,1997 Sep,"DM",33,3,0.0909090909090909
251,1997 Sep,"DO",14,3,0.214285714285714
251,1997 Sep,"DS",1,0,0
251,1997 Sep,"NE",5,3,0.6
251,1997 Sep,"OT",23,15,0.652173913043478
251,1997 Sep,"PB",9,4,0.444444444444444
251,1997 Sep,"PF",3,1,0.333333333333333
251,1997 Sep,"PM",8,6,0.75
251,1997 Sep,"PP",4,2,0.5
251,1997 Sep,"RM",1,0,0
252,1997 Oct,"DM",42,6,0.142857142857143
252,1997 Oct,"DO",11,1,0.0909090909090909
252,1997 Oct,"DS",1,0,0
252,1997 Oct,"NE",6,2,0.333333333333333
252,1997 Oct,"OT",12,5,0.416666666666667
252,1997 Oct,"PB",7,1,0.142857142857143
252,1997 Oct,"PE",1,1,1
252,1997 Oct,"PF",1,0,0
252,1997 Oct,"PM",6,6,1
253,1997 Nov,"DM",47,13,0.276595744680851
253,1997 Nov,"DO",15,4,0.266666666666667
253,1997 Nov,"DS",1,0,0
253,1997 Nov,"NE",2,0,0
253,1997 Nov,"OT",17,5,0.294117647058824
253,1997 Nov,"PB",7,2,0.285714285714286
253,1997 Nov,"PE",1,1,1
253,1997 Nov,"RM",2,1,0.5
254,1997 Dec,"DM",37,7,0.189189189189189
254,1997 Dec,"DO",12,2,0.166666666666667
254,1997 Dec,"DS",1,0,0
254,1997 Dec,"NE",2,0,0
254,1997 Dec,"OT",13,5,0.384615384615385
254,1997 Dec,"PB",3,0,0
254,1997 Dec,"PE",1,1,1
254,1997 Dec,"PM",1,0,0
254,1997 Dec,"RM",1,1,1
255,1998 Jan,"DM",24,13,0.541666666666667
255,1998 Jan,"DO",4,1,0.25
255,1998 Jan,"DS",1,0,0
255,1998 Jan,"NE",1,0,0
255,1998 Jan,"OT",9,3,0.333333333333333
255,1998 Jan,"PB",5,2,0.4
255,1998 Feb,"DM",30,17,0.566666666666667
255,1998 Feb,"DO",7,3,0.428571428571429
255,1998 Feb,"OT",6,2,0.333333333333333
256,1998 Mar,"DM",49,9,0.183673469387755
256,1998 Mar,"DO",16,3,0.1875
256,1998 Mar,"DS",2,2,1
256,1998 Mar,"NE",1,0,0
256,1998 Mar,"OT",10,2,0.2
256,1998 Mar,"PB",6,3,0.5
257,1998 Mar,"DM",33,20,0.606060606060606
257,1998 Mar,"DO",3,1,0.333333333333333
257,1998 Mar,"NE",1,0,0
257,1998 Mar,"OT",3,1,0.333333333333333
257,1998 Mar,"PB",3,1,0.333333333333333
257,1998 Mar,"PP",4,2,0.5
258,1998 May,"DM",39,22,0.564102564102564
258,1998 May,"DO",5,3,0.6
258,1998 May,"NE",2,2,1
258,1998 May,"OT",7,5,0.714285714285714
258,1998 May,"PB",3,1,0.333333333333333
258,1998 May,"PP",9,5,0.555555555555556
259,1998 May,"DM",60,37,0.616666666666667
259,1998 May,"DO",12,10,0.833333333333333
259,1998 May,"NE",6,4,0.666666666666667
259,1998 May,"OT",4,2,0.5
259,1998 May,"PB",1,0,0
259,1998 May,"PE",2,2,1
259,1998 May,"PF",2,1,0.5
259,1998 May,"PL",1,1,1
259,1998 May,"PM",2,2,1
259,1998 May,"PP",11,5,0.454545454545455
260,1998 Jun,"DM",33,8,0.242424242424242
260,1998 Jun,"DO",10,5,0.5
260,1998 Jun,"DS",1,1,1
260,1998 Jun,"NE",4,2,0.5
260,1998 Jun,"OT",6,4,0.666666666666667
260,1998 Jun,"PB",2,2,1
260,1998 Jun,"PE",1,1,1
260,1998 Jun,"PF",1,0,0
260,1998 Jun,"PP",13,11,0.846153846153846
261,1998 Jul,"DM",34,8,0.235294117647059
261,1998 Jul,"DO",7,5,0.714285714285714
261,1998 Jul,"DS",1,0,0
261,1998 Jul,"OT",7,4,0.571428571428571
261,1998 Jul,"PB",11,9,0.818181818181818
261,1998 Jul,"PP",22,17,0.772727272727273
262,1998 Aug,"DM",29,5,0.172413793103448
262,1998 Aug,"DO",5,1,0.2
262,1998 Aug,"NE",2,2,1
262,1998 Aug,"OT",5,2,0.4
262,1998 Aug,"PB",10,7,0.7
262,1998 Aug,"PF",1,1,1
262,1998 Aug,"PM",1,1,1
262,1998 Aug,"PP",19,11,0.578947368421053
263,1998 Sep,"DM",30,11,0.366666666666667
263,1998 Sep,"DO",11,8,0.727272727272727
263,1998 Sep,"DS",1,0,0
263,1998 Sep,"DX",1,1,1
263,1998 Sep,"NE",3,1,0.333333333333333
263,1998 Sep,"OT",8,6,0.75
263,1998 Sep,"PB",10,5,0.5
263,1998 Sep,"PP",22,11,0.5
264,1998 Oct,"DM",35,11,0.314285714285714
264,1998 Oct,"DO",10,6,0.6
264,1998 Oct,"DS",1,1,1
264,1998 Oct,"DX",1,1,1
264,1998 Oct,"NE",1,0,0
264,1998 Oct,"OT",11,6,0.545454545454545
264,1998 Oct,"PB",9,4,0.444444444444444
264,1998 Oct,"PM",2,2,1
264,1998 Oct,"PP",3,0,0
265,1998 Nov,"DM",44,15,0.340909090909091
265,1998 Nov,"DO",13,5,0.384615384615385
265,1998 Nov,"DS",1,0,0
265,1998 Nov,"OT",7,1,0.142857142857143
265,1998 Nov,"PB",4,1,0.25
266,1998 Dec,"DM",46,10,0.217391304347826
266,1998 Dec,"DO",5,2,0.4
266,1998 Dec,"DS",1,0,0
266,1998 Dec,"NE",1,0,0
266,1998 Dec,"OT",8,1,0.125
266,1998 Dec,"PB",2,0,0
267,1999 Jan,"DM",47,7,0.148936170212766
267,1999 Jan,"DO",12,4,0.333333333333333
267,1999 Jan,"DS",1,0,0
267,1999 Jan,"NE",2,1,0.5
267,1999 Jan,"OT",11,4,0.363636363636364
267,1999 Jan,"PB",4,0,0
267,1999 Jan,"PE",1,1,1
267,1999 Jan,"RM",1,1,1
268,1999 Feb,"DM",49,13,0.26530612244898
268,1999 Feb,"DO",12,4,0.333333333333333
268,1999 Feb,"DS",1,0,0
268,1999 Feb,"NE",1,0,0
268,1999 Feb,"OT",7,2,0.285714285714286
268,1999 Feb,"PB",6,3,0.5
268,1999 Feb,"PM",3,3,1
268,1999 Feb,"RM",1,1,1
269,1999 Mar,"DM",43,6,0.13953488372093
269,1999 Mar,"DO",9,6,0.666666666666667
269,1999 Mar,"DS",1,0,0
269,1999 Mar,"NE",2,0,0
269,1999 Mar,"OT",7,2,0.285714285714286
269,1999 Mar,"PB",6,3,0.5
269,1999 Mar,"PM",3,1,0.333333333333333
269,1999 Mar,"PP",2,2,1
269,1999 Mar,"RM",1,1,1
270,1999 Apr,"DM",47,13,0.276595744680851
270,1999 Apr,"DO",15,3,0.2
270,1999 Apr,"DS",2,1,0.5
270,1999 Apr,"NE",2,1,0.5
270,1999 Apr,"OT",5,1,0.2
270,1999 Apr,"PB",4,1,0.25
270,1999 Apr,"PP",5,1,0.2
271,1999 May,"DM",36,9,0.25
271,1999 May,"DO",12,5,0.416666666666667
271,1999 May,"DS",1,0,0
271,1999 May,"NE",2,1,0.5
271,1999 May,"OT",5,0,0
271,1999 May,"PB",8,3,0.375
271,1999 May,"PM",2,1,0.5
271,1999 May,"PP",6,1,0.166666666666667
272,1999 Jun,"DM",30,9,0.3
272,1999 Jun,"DO",10,2,0.2
272,1999 Jun,"DS",1,0,0
272,1999 Jun,"DX",2,2,1
272,1999 Jun,"NE",1,0,0
272,1999 Jun,"OT",4,0,0
272,1999 Jun,"PB",5,0,0
272,1999 Jun,"PM",1,0,0
272,1999 Jun,"PP",8,5,0.625
275,1999 Sep,"DM",3,1,0.333333333333333
275,1999 Sep,"NE",3,1,0.333333333333333
275,1999 Sep,"PB",1,0,0
275,1999 Sep,"PP",5,2,0.4
276,1999 Oct,"DM",16,8,0.5
276,1999 Oct,"DO",5,3,0.6
276,1999 Oct,"NE",1,0,0
276,1999 Oct,"OT",2,2,1
276,1999 Oct,"PB",4,2,0.5
276,1999 Oct,"PP",16,12,0.75
277,1999 Nov,"DM",18,11,0.611111111111111
277,1999 Nov,"DO",3,1,0.333333333333333
277,1999 Nov,"NE",1,0,0
277,1999 Nov,"OT",7,6,0.857142857142857
277,1999 Nov,"PB",9,6,0.666666666666667
277,1999 Nov,"PP",28,19,0.678571428571429
277,1999 Nov,"SH",1,1,1
278,1999 Dec,"DM",11,5,0.454545454545455
278,1999 Dec,"DO",5,2,0.4
278,1999 Dec,"NE",2,2,1
278,1999 Dec,"OT",2,0,0
278,1999 Dec,"PB",12,8,0.666666666666667
278,1999 Dec,"PP",22,11,0.5
278,1999 Dec,"RM",1,1,1
279,2000 Jan,"DM",19,14,0.736842105263158
279,2000 Jan,"DO",11,7,0.636363636363636
279,2000 Jan,"NE",3,1,0.333333333333333
279,2000 Jan,"OT",2,1,0.5
279,2000 Jan,"PB",18,12,0.666666666666667
279,2000 Jan,"PP",20,9,0.45
279,2000 Jan,"RM",1,1,1
279,2000 Jan,"SH",1,1,1
280,2000 Feb,"DM",19,7,0.368421052631579
280,2000 Feb,"DO",13,6,0.461538461538462
280,2000 Feb,"DX",1,1,1
280,2000 Feb,"NE",3,2,0.666666666666667
280,2000 Feb,"OT",4,1,0.25
280,2000 Feb,"PB",32,26,0.8125
280,2000 Feb,"PP",20,10,0.5
281,2000 Mar,"DM",23,15,0.652173913043478
281,2000 Mar,"DO",8,2,0.25
281,2000 Mar,"DX",2,2,1
281,2000 Mar,"NE",1,1,1
281,2000 Mar,"OT",7,3,0.428571428571429
281,2000 Mar,"PB",23,8,0.347826086956522
281,2000 Mar,"PP",28,9,0.321428571428571
281,2000 Mar,"RM",1,1,1
281,2000 Mar,"SH",1,1,1
283,2000 Apr,"DM",20,14,0.7
283,2000 Apr,"DO",13,7,0.538461538461538
283,2000 Apr,"NE",1,1,1
283,2000 Apr,"OT",7,5,0.714285714285714
283,2000 Apr,"PB",23,14,0.608695652173913
283,2000 Apr,"PP",21,11,0.523809523809524
283,2000 Apr,"SH",1,0,0
284,2000 Jun,"DM",18,9,0.5
284,2000 Jun,"DO",13,9,0.692307692307692
284,2000 Jun,"NE",2,1,0.5
284,2000 Jun,"OT",4,1,0.25
284,2000 Jun,"PB",24,10,0.416666666666667
284,2000 Jun,"PP",31,18,0.580645161290323
284,2000 Jun,"SH",2,2,1
285,2000 Jul,"DM",19,11,0.578947368421053
285,2000 Jul,"DO",6,2,0.333333333333333
285,2000 Jul,"DX",1,1,1
285,2000 Jul,"OT",8,5,0.625
285,2000 Jul,"PB",33,19,0.575757575757576
285,2000 Jul,"PP",47,34,0.723404255319149
286,2000 Jul,"DM",10,5,0.5
286,2000 Jul,"DO",2,1,0.5
286,2000 Jul,"NE",1,1,1
286,2000 Jul,"PB",21,15,0.714285714285714
286,2000 Jul,"PP",18,13,0.722222222222222
286,2000 Jul,"SH",1,1,1
287,2000 Aug,"DM",25,12,0.48
287,2000 Aug,"DO",5,2,0.4
287,2000 Aug,"NE",1,0,0
287,2000 Aug,"OT",11,6,0.545454545454545
287,2000 Aug,"PB",30,16,0.533333333333333
287,2000 Aug,"PP",36,18,0.5
288,2000 Sep,"DM",15,4,0.266666666666667
288,2000 Sep,"DO",2,0,0
288,2000 Sep,"NE",2,1,0.5
288,2000 Sep,"OT",7,2,0.285714285714286
288,2000 Sep,"PB",14,3,0.214285714285714
288,2000 Sep,"PP",5,2,0.4
288,2000 Oct,"DM",14,4,0.285714285714286
288,2000 Oct,"DO",3,1,0.333333333333333
288,2000 Oct,"OT",7,3,0.428571428571429
288,2000 Oct,"PB",8,3,0.375
288,2000 Oct,"PP",3,2,0.666666666666667
290,2000 Nov,"DM",26,6,0.230769230769231
290,2000 Nov,"DO",6,2,0.333333333333333
290,2000 Nov,"NE",3,0,0
290,2000 Nov,"OT",17,9,0.529411764705882
290,2000 Nov,"PB",12,1,0.0833333333333333
290,2000 Nov,"PE",2,2,1
290,2000 Nov,"PP",1,1,1
290,2000 Nov,"RM",1,1,1
291,2000 Dec,"DM",23,5,0.217391304347826
291,2000 Dec,"DO",4,0,0
291,2000 Dec,"NE",2,0,0
291,2000 Dec,"OT",16,1,0.0625
291,2000 Dec,"PB",12,0,0
292,2001 Jan,"DM",24,7,0.291666666666667
292,2001 Jan,"DO",2,0,0
292,2001 Jan,"NE",2,1,0.5
292,2001 Jan,"OT",7,3,0.428571428571429
292,2001 Jan,"PB",10,1,0.1
292,2001 Jan,"RM",1,0,0
293,2001 Mar,"DM",20,7,0.35
293,2001 Mar,"OT",4,2,0.5
293,2001 Mar,"PB",11,6,0.545454545454545
293,2001 Mar,"PP",3,3,1
293,2001 Mar,"RM",1,1,1
294,2001 Mar,"DM",26,12,0.461538461538462
294,2001 Mar,"NE",2,0,0
294,2001 Mar,"OT",7,2,0.285714285714286
294,2001 Mar,"PB",7,4,0.571428571428571
294,2001 Mar,"PF",1,1,1
294,2001 Mar,"PM",1,1,1
294,2001 Mar,"PP",13,9,0.692307692307692
295,2001 Apr,"DM",26,11,0.423076923076923
295,2001 Apr,"DO",7,4,0.571428571428571
295,2001 Apr,"NE",1,1,1
295,2001 Apr,"OT",4,1,0.25
295,2001 Apr,"PB",4,2,0.5
295,2001 Apr,"PF",2,2,1
295,2001 Apr,"PM",1,1,1
295,2001 Apr,"PP",14,7,0.5
296,2001 May,"DM",32,11,0.34375
296,2001 May,"DO",6,3,0.5
296,2001 May,"NE",6,5,0.833333333333333
296,2001 May,"OT",2,0,0
296,2001 May,"PB",10,7,0.7
296,2001 May,"PE",1,1,1
296,2001 May,"PF",1,1,1
296,2001 May,"PP",14,8,0.571428571428571
296,2001 May,"SH",1,1,1
297,2001 Jun,"DM",15,9,0.6
297,2001 Jun,"DO",4,2,0.5
297,2001 Jun,"NE",4,1,0.25
297,2001 Jun,"PB",9,5,0.555555555555556
297,2001 Jun,"PP",15,10,0.666666666666667
297,2001 Jun,"SH",1,1,1
298,2001 Jul,"DM",15,7,0.466666666666667
298,2001 Jul,"DO",6,5,0.833333333333333
298,2001 Jul,"NE",1,1,1
298,2001 Jul,"OT",3,2,0.666666666666667
298,2001 Jul,"PB",11,10,0.909090909090909
298,2001 Jul,"PF",2,2,1
298,2001 Jul,"PP",19,18,0.947368421052632
299,2001 Aug,"DM",31,14,0.451612903225806
299,2001 Aug,"DO",7,3,0.428571428571429
299,2001 Aug,"NE",1,0,0
299,2001 Aug,"OT",15,12,0.8
299,2001 Aug,"PB",28,16,0.571428571428571
299,2001 Aug,"PE",1,1,1
299,2001 Aug,"PF",2,2,1
299,2001 Aug,"PP",40,28,0.7
299,2001 Aug,"UR",1,1,1
300,2001 Sep,"DM",35,11,0.314285714285714
300,2001 Sep,"DO",6,1,0.166666666666667
300,2001 Sep,"NE",1,1,1
300,2001 Sep,"OT",11,8,0.727272727272727
300,2001 Sep,"PB",23,7,0.304347826086957
300,2001 Sep,"PE",1,1,1
300,2001 Sep,"PF",1,1,1
300,2001 Sep,"PP",30,15,0.5
301,2001 Oct,"DM",37,9,0.243243243243243
301,2001 Oct,"DO",11,5,0.454545454545455
301,2001 Oct,"NE",3,1,0.333333333333333
301,2001 Oct,"OT",21,9,0.428571428571429
301,2001 Oct,"PB",28,7,0.25
301,2001 Oct,"PE",1,1,1
301,2001 Oct,"PF",5,4,0.8
301,2001 Oct,"PP",15,6,0.4
301,2001 Oct,"SH",1,1,1
302,2001 Nov,"DM",31,7,0.225806451612903
302,2001 Nov,"DO",17,9,0.529411764705882
302,2001 Nov,"DX",1,1,1
302,2001 Nov,"NE",5,5,1
302,2001 Nov,"OT",15,6,0.4
302,2001 Nov,"PB",24,4,0.166666666666667
302,2001 Nov,"PE",3,1,0.333333333333333
302,2001 Nov,"PP",3,0,0
302,2001 Nov,"SH",1,1,1
303,2001 Dec,"DM",10,1,0.1
303,2001 Dec,"DO",8,4,0.5
303,2001 Dec,"NE",4,0,0
303,2001 Dec,"OT",7,2,0.285714285714286
303,2001 Dec,"PB",8,0,0
303,2001 Dec,"PE",2,1,0.5
303,2001 Dec,"PP",2,1,0.5
304,2002 Jan,"DM",10,1,0.1
304,2002 Jan,"DO",8,5,0.625
304,2002 Jan,"NE",1,1,1
304,2002 Jan,"OT",7,5,0.714285714285714
304,2002 Jan,"PB",7,2,0.285714285714286
304,2002 Jan,"PE",3,2,0.666666666666667
305,2002 Feb,"DM",29,5,0.172413793103448
305,2002 Feb,"DO",15,5,0.333333333333333
305,2002 Feb,"NE",3,0,0
305,2002 Feb,"OT",3,2,0.666666666666667
305,2002 Feb,"PB",17,2,0.117647058823529
305,2002 Feb,"PE",2,0,0
305,2002 Feb,"PP",3,1,0.333333333333333
305,2002 Feb,"RM",1,1,1
305,2002 Feb,"RO",1,1,1
305,2002 Feb,"SH",1,1,1
306,2002 Mar,"DM",35,12,0.342857142857143
306,2002 Mar,"DO",21,9,0.428571428571429
306,2002 Mar,"NE",2,0,0
306,2002 Mar,"OT",6,0,0
306,2002 Mar,"PB",15,1,0.0666666666666667
306,2002 Mar,"PE",1,1,1
306,2002 Mar,"PF",2,1,0.5
306,2002 Mar,"PP",10,2,0.2
307,2002 Apr,"DM",32,8,0.25
307,2002 Apr,"DO",25,10,0.4
307,2002 Apr,"NE",4,3,0.75
307,2002 Apr,"OT",7,2,0.285714285714286
307,2002 Apr,"PB",14,2,0.142857142857143
307,2002 Apr,"PF",2,1,0.5
307,2002 Apr,"PI",1,1,1
307,2002 Apr,"PP",34,16,0.470588235294118
307,2002 Apr,"SH",1,1,1
308,2002 May,"DM",33,7,0.212121212121212
308,2002 May,"DO",23,6,0.260869565217391
308,2002 May,"NE",4,3,0.75
308,2002 May,"OT",3,1,0.333333333333333
308,2002 May,"PB",26,12,0.461538461538462
308,2002 May,"PE",6,2,0.333333333333333
308,2002 May,"PF",1,0,0
308,2002 May,"PP",30,11,0.366666666666667
308,2002 May,"SH",1,1,1
309,2002 Jun,"DM",23,5,0.217391304347826
309,2002 Jun,"DO",19,4,0.210526315789474
309,2002 Jun,"NE",2,1,0.5
309,2002 Jun,"OT",4,4,1
309,2002 Jun,"PB",30,14,0.466666666666667
309,2002 Jun,"PE",3,1,0.333333333333333
309,2002 Jun,"PP",35,19,0.542857142857143
310,2002 Jul,"DM",19,0,0
310,2002 Jul,"DO",17,2,0.117647058823529
310,2002 Jul,"NE",1,1,1
310,2002 Jul,"OT",5,3,0.6
310,2002 Jul,"PB",28,13,0.464285714285714
310,2002 Jul,"PE",3,0,0
310,2002 Jul,"PF",1,1,1
310,2002 Jul,"PI",2,1,0.5
310,2002 Jul,"PP",51,28,0.549019607843137
312,2002 Sep,"DM",13,6,0.461538461538462
312,2002 Sep,"DO",6,1,0.166666666666667
312,2002 Sep,"NE",2,2,1
312,2002 Sep,"OT",1,1,1
312,2002 Sep,"PB",6,1,0.166666666666667
312,2002 Sep,"PI",1,0,0
312,2002 Sep,"PP",16,9,0.5625
313,2002 Oct,"DM",21,7,0.333333333333333
313,2002 Oct,"DO",9,3,0.333333333333333
313,2002 Oct,"NE",3,0,0
313,2002 Oct,"OL",1,1,1
313,2002 Oct,"OT",5,5,1
313,2002 Oct,"PB",29,15,0.517241379310345
313,2002 Oct,"PF",1,0,0
313,2002 Oct,"PP",36,25,0.694444444444444
314,2002 Nov,"DM",21,6,0.285714285714286
314,2002 Nov,"DO",13,5,0.384615384615385
314,2002 Nov,"NE",2,0,0
314,2002 Nov,"OL",2,2,1
314,2002 Nov,"OT",13,9,0.692307692307692
314,2002 Nov,"PB",32,11,0.34375
314,2002 Nov,"PF",2,2,1
314,2002 Nov,"PP",18,13,0.722222222222222
314,2002 Nov,"SF",1,1,1
314,2002 Nov,"SH",1,1,1
315,2002 Dec,"DM",22,6,0.272727272727273
315,2002 Dec,"DO",18,6,0.333333333333333
315,2002 Dec,"NE",3,2,0.666666666666667
315,2002 Dec,"OL",1,0,0
315,2002 Dec,"OT",11,4,0.363636363636364
315,2002 Dec,"PB",37,11,0.297297297297297
315,2002 Dec,"PE",3,2,0.666666666666667
315,2002 Dec,"PF",1,1,1
315,2002 Dec,"PP",7,4,0.571428571428571
315,2002 Dec,"SF",1,1,1
316,2002 Dec,"DM",21,9,0.428571428571429
316,2002 Dec,"DO",13,6,0.461538461538462
316,2002 Dec,"DX",1,1,1
316,2002 Dec,"NE",2,2,1
316,2002 Dec,"OL",2,1,0.5
316,2002 Dec,"OT",3,2,0.666666666666667
316,2002 Dec,"PB",29,4,0.137931034482759
316,2002 Dec,"PP",5,2,0.4
316,2002 Dec,"RO",1,1,1
316,2002 Dec,"SF",3,3,1
317,2003 Feb,"DM",30,9,0.3
317,2003 Feb,"DO",25,9,0.36
317,2003 Feb,"DX",1,1,1
317,2003 Feb,"NE",3,1,0.333333333333333
317,2003 Feb,"OT",7,4,0.571428571428571
317,2003 Feb,"PB",37,7,0.189189189189189
317,2003 Feb,"PE",6,4,0.666666666666667
317,2003 Feb,"PF",3,3,1
317,2003 Feb,"PP",10,1,0.1
317,2003 Feb,"RM",2,2,1
318,2003 Mar,"DM",32,7,0.21875
318,2003 Mar,"DO",32,10,0.3125
318,2003 Mar,"NE",1,0,0
318,2003 Mar,"OL",1,1,1
318,2003 Mar,"OT",10,2,0.2
318,2003 Mar,"PB",40,5,0.125
318,2003 Mar,"PE",7,4,0.571428571428571
318,2003 Mar,"PF",6,4,0.666666666666667
318,2003 Mar,"PI",1,0,0
318,2003 Mar,"PP",11,1,0.0909090909090909
318,2003 Mar,"SF",4,3,0.75
319,2003 Mar,"DM",27,7,0.259259259259259
319,2003 Mar,"DO",29,10,0.344827586206897
319,2003 Mar,"DX",1,1,1
319,2003 Mar,"NE",3,1,0.333333333333333
319,2003 Mar,"OL",2,1,0.5
319,2003 Mar,"OT",13,3,0.230769230769231
319,2003 Mar,"PB",34,4,0.117647058823529
319,2003 Mar,"PE",7,5,0.714285714285714
319,2003 Mar,"PF",1,0,0
319,2003 Mar,"PI",2,0,0
319,2003 Mar,"PP",38,15,0.394736842105263
319,2003 Mar,"RM",2,1,0.5
319,2003 Mar,"SF",5,5,1
319,2003 Mar,"SX",1,1,1
320,2003 May,"DM",27,1,0.037037037037037
320,2003 May,"DO",23,8,0.347826086956522
320,2003 May,"NE",3,1,0.333333333333333
320,2003 May,"OL",6,1,0.166666666666667
320,2003 May,"OT",20,7,0.35
320,2003 May,"PB",32,7,0.21875
320,2003 May,"PE",4,3,0.75
320,2003 May,"PF",3,3,1
320,2003 May,"PI",3,2,0.666666666666667
320,2003 May,"PP",51,22,0.431372549019608
320,2003 May,"RM",1,0,0
320,2003 May,"RO",1,1,1
320,2003 May,"SF",3,2,0.666666666666667
320,2003 May,"SH",1,1,1
321,2003 May,"DM",27,6,0.222222222222222
321,2003 May,"DO",19,7,0.368421052631579
321,2003 May,"DX",1,1,1
321,2003 May,"NE",2,1,0.5
321,2003 May,"OL",4,1,0.25
321,2003 May,"OT",19,9,0.473684210526316
321,2003 May,"PB",41,27,0.658536585365854
321,2003 May,"PE",1,1,1
321,2003 May,"PF",6,4,0.666666666666667
321,2003 May,"PI",2,1,0.5
321,2003 May,"PP",45,23,0.511111111111111
321,2003 May,"RM",1,1,1
321,2003 May,"SF",2,2,1
321,2003 May,"SH",1,0,0
322,2003 Jun,"DM",24,2,0.0833333333333333
322,2003 Jun,"DO",18,2,0.111111111111111
322,2003 Jun,"NE",2,0,0
322,2003 Jun,"OL",1,0,0
322,2003 Jun,"OT",17,1,0.0588235294117647
322,2003 Jun,"PB",39,17,0.435897435897436
322,2003 Jun,"PF",3,1,0.333333333333333
322,2003 Jun,"PI",2,0,0
322,2003 Jun,"PP",52,25,0.480769230769231
322,2003 Jun,"SF",2,1,0.5
322,2003 Jun,"SH",1,0,0
323,2003 Jul,"DM",23,3,0.130434782608696
323,2003 Jul,"DO",13,2,0.153846153846154
323,2003 Jul,"NE",4,2,0.5
323,2003 Jul,"OT",14,7,0.5
323,2003 Jul,"PB",36,7,0.194444444444444
323,2003 Jul,"PE",2,2,1
323,2003 Jul,"PF",2,0,0
323,2003 Jul,"PI",3,1,0.333333333333333
323,2003 Jul,"PP",51,20,0.392156862745098
323,2003 Jul,"SF",3,1,0.333333333333333
323,2003 Jul,"SH",1,0,0
324,2003 Aug,"DM",23,5,0.217391304347826
324,2003 Aug,"DO",10,1,0.1
324,2003 Aug,"DS",1,1,1
324,2003 Aug,"DX",1,1,1
324,2003 Aug,"NE",1,1,1
324,2003 Aug,"OL",1,1,1
324,2003 Aug,"OT",14,5,0.357142857142857
324,2003 Aug,"PB",28,2,0.0714285714285714
324,2003 Aug,"PE",3,1,0.333333333333333
324,2003 Aug,"PF",1,0,0
324,2003 Aug,"PP",40,13,0.325
325,2003 Sep,"DM",18,2,0.111111111111111
325,2003 Sep,"DO",12,5,0.416666666666667
325,2003 Sep,"OL",2,1,0.5
325,2003 Sep,"OT",18,6,0.333333333333333
325,2003 Sep,"PB",25,3,0.12
325,2003 Sep,"PE",3,1,0.333333333333333
325,2003 Sep,"PF",1,0,0
325,2003 Sep,"PP",13,2,0.153846153846154
325,2003 Sep,"RM",1,1,1
326,2003 Oct,"DM",18,4,0.222222222222222
326,2003 Oct,"DO",8,0,0
326,2003 Oct,"NE",1,0,0
326,2003 Oct,"OL",1,0,0
326,2003 Oct,"OT",17,5,0.294117647058824
326,2003 Oct,"PB",22,1,0.0454545454545455
326,2003 Oct,"PE",6,4,0.666666666666667
326,2003 Oct,"PP",6,2,0.333333333333333
326,2003 Oct,"RM",1,1,1
327,2003 Nov,"DM",15,2,0.133333333333333
327,2003 Nov,"DO",13,3,0.230769230769231
327,2003 Nov,"NE",3,2,0.666666666666667
327,2003 Nov,"OT",12,3,0.25
327,2003 Nov,"PB",17,1,0.0588235294117647
327,2003 Nov,"PE",4,1,0.25
327,2003 Nov,"PI",1,0,0
327,2003 Nov,"PP",2,0,0
328,2003 Dec,"DM",26,7,0.269230769230769
328,2003 Dec,"DO",8,0,0
328,2003 Dec,"NE",1,0,0
328,2003 Dec,"OT",7,1,0.142857142857143
328,2003 Dec,"PB",15,0,0
328,2003 Dec,"PE",2,0,0
329,2004 Jan,"DM",22,3,0.136363636363636
329,2004 Jan,"DO",9,0,0
329,2004 Jan,"NE",1,0,0
329,2004 Jan,"OL",2,0,0
329,2004 Jan,"OT",8,2,0.25
329,2004 Jan,"PB",11,0,0
330,2004 Feb,"DM",22,7,0.318181818181818
330,2004 Feb,"DO",13,8,0.615384615384615
330,2004 Feb,"NE",2,1,0.5
330,2004 Feb,"OT",6,1,0.166666666666667
330,2004 Feb,"PB",10,1,0.1
330,2004 Feb,"PE",3,2,0.666666666666667
330,2004 Feb,"PP",1,0,0
331,2004 Mar,"DM",19,6,0.315789473684211
331,2004 Mar,"DO",6,2,0.333333333333333
331,2004 Mar,"OT",6,2,0.333333333333333
331,2004 Mar,"PB",11,3,0.272727272727273
331,2004 Mar,"PP",3,1,0.333333333333333
332,2004 Apr,"DM",14,6,0.428571428571429
332,2004 Apr,"DO",6,0,0
332,2004 Apr,"NE",1,0,0
332,2004 Apr,"OT",4,1,0.25
332,2004 Apr,"PB",2,0,0
332,2004 Apr,"PP",13,1,0.0769230769230769
333,2004 May,"DM",22,8,0.363636363636364
333,2004 May,"DO",16,7,0.4375
333,2004 May,"NE",1,0,0
333,2004 May,"OT",4,2,0.5
333,2004 May,"PB",8,3,0.375
333,2004 May,"PI",2,2,1
333,2004 May,"PP",22,8,0.363636363636364
334,2004 Jun,"DM",20,8,0.4
334,2004 Jun,"DO",13,6,0.461538461538462
334,2004 Jun,"NE",3,1,0.333333333333333
334,2004 Jun,"OT",8,5,0.625
334,2004 Jun,"PB",14,10,0.714285714285714
334,2004 Jun,"PI",2,2,1
334,2004 Jun,"PP",29,17,0.586206896551724
335,2004 Jul,"DM",20,5,0.25
335,2004 Jul,"DO",9,2,0.222222222222222
335,2004 Jul,"OL",1,0,0
335,2004 Jul,"OT",3,1,0.333333333333333
335,2004 Jul,"PB",24,16,0.666666666666667
335,2004 Jul,"PI",1,1,1
335,2004 Jul,"PP",29,19,0.655172413793103
336,2004 Aug,"DM",14,4,0.285714285714286
336,2004 Aug,"DO",9,4,0.444444444444444
336,2004 Aug,"OT",6,4,0.666666666666667
336,2004 Aug,"PB",18,5,0.277777777777778
336,2004 Aug,"PI",1,0,0
336,2004 Aug,"PP",28,15,0.535714285714286
337,2004 Sep,"DM",7,2,0.285714285714286
337,2004 Sep,"DO",5,1,0.2
337,2004 Sep,"OT",1,0,0
337,2004 Sep,"PB",17,5,0.294117647058824
337,2004 Sep,"PP",39,24,0.615384615384615
338,2004 Oct,"DM",13,5,0.384615384615385
338,2004 Oct,"DO",9,2,0.222222222222222
338,2004 Oct,"NE",1,1,1
338,2004 Oct,"OT",5,3,0.6
338,2004 Oct,"PB",26,13,0.5
338,2004 Oct,"PE",2,2,1
338,2004 Oct,"PP",31,19,0.612903225806452
339,2004 Nov,"DM",2,0,0
339,2004 Nov,"DO",3,0,0
339,2004 Nov,"OT",5,2,0.4
339,2004 Nov,"PB",21,3,0.142857142857143
339,2004 Nov,"PE",2,2,1
339,2004 Nov,"PP",11,3,0.272727272727273
340,2004 Dec,"DM",21,12,0.571428571428571
340,2004 Dec,"DO",12,5,0.416666666666667
340,2004 Dec,"NE",1,1,1
340,2004 Dec,"OT",9,5,0.555555555555556
340,2004 Dec,"PB",21,4,0.19047619047619
340,2004 Dec,"PE",2,1,0.5
340,2004 Dec,"PI",1,1,1
340,2004 Dec,"PP",6,2,0.333333333333333
341,2005 Jan,"DM",11,2,0.181818181818182
341,2005 Jan,"DO",24,14,0.583333333333333
341,2005 Jan,"NE",2,1,0.5
341,2005 Jan,"OT",3,0,0
341,2005 Jan,"PB",21,1,0.0476190476190476
341,2005 Jan,"PE",2,1,0.5
341,2005 Jan,"PM",1,1,1
341,2005 Jan,"PP",3,0,0
343,2005 Mar,"DM",14,2,0.142857142857143
343,2005 Mar,"DO",15,6,0.4
343,2005 Mar,"OT",1,0,0
343,2005 Mar,"PB",10,0,0
343,2005 Mar,"PP",15,6,0.4
343,2005 Mar,"RM",1,1,1
344,2005 Apr,"DM",13,3,0.230769230769231
344,2005 Apr,"DO",11,5,0.454545454545455
344,2005 Apr,"OT",1,1,1
344,2005 Apr,"PB",10,0,0
344,2005 Apr,"PP",29,5,0.172413793103448
345,2005 May,"DM",14,5,0.357142857142857
345,2005 May,"DO",18,5,0.277777777777778
345,2005 May,"OT",5,5,1
345,2005 May,"PB",8,3,0.375
345,2005 May,"PP",26,8,0.307692307692308
346,2005 Jun,"DM",15,6,0.4
346,2005 Jun,"DO",17,7,0.411764705882353
346,2005 Jun,"OT",4,1,0.25
346,2005 Jun,"PB",14,8,0.571428571428571
346,2005 Jun,"PP",36,23,0.638888888888889
347,2005 Jul,"DM",12,3,0.25
347,2005 Jul,"DO",11,4,0.363636363636364
347,2005 Jul,"NE",1,1,1
347,2005 Jul,"OT",5,4,0.8
347,2005 Jul,"PB",18,13,0.722222222222222
347,2005 Jul,"PE",1,1,1
347,2005 Jul,"PI",9,9,1
347,2005 Jul,"PP",47,36,0.765957446808511
348,2005 Aug,"DM",16,6,0.375
348,2005 Aug,"DO",12,2,0.166666666666667
348,2005 Aug,"NE",1,1,1
348,2005 Aug,"OT",3,3,1
348,2005 Aug,"PB",27,16,0.592592592592593
348,2005 Aug,"PI",9,8,0.888888888888889
348,2005 Aug,"PP",66,47,0.712121212121212
349,2005 Sep,"DM",17,4,0.235294117647059
349,2005 Sep,"DO",12,2,0.166666666666667
349,2005 Sep,"NE",1,0,0
349,2005 Sep,"OT",8,6,0.75
349,2005 Sep,"PB",38,16,0.421052631578947
349,2005 Sep,"PI",7,5,0.714285714285714
349,2005 Sep,"PP",66,39,0.590909090909091
350,2005 Sep,"DM",5,1,0.2
350,2005 Sep,"DO",2,0,0
350,2005 Sep,"OT",4,3,0.75
350,2005 Sep,"PB",28,11,0.392857142857143
350,2005 Sep,"PE",2,2,1
350,2005 Sep,"PI",5,5,1
350,2005 Sep,"PP",24,12,0.5
350,2005 Oct,"DM",7,2,0.285714285714286
350,2005 Oct,"DO",8,0,0
350,2005 Oct,"OL",2,2,1
350,2005 Oct,"OT",3,3,1
350,2005 Oct,"PB",11,4,0.363636363636364
350,2005 Oct,"PF",1,1,1
350,2005 Oct,"PI",1,0,0
350,2005 Oct,"PP",31,13,0.419354838709677
351,2005 Nov,"DM",20,9,0.45
351,2005 Nov,"DO",12,4,0.333333333333333
351,2005 Nov,"NE",1,1,1
351,2005 Nov,"OL",2,0,0
351,2005 Nov,"OT",22,15,0.681818181818182
351,2005 Nov,"PB",34,5,0.147058823529412
351,2005 Nov,"PE",2,2,1
351,2005 Nov,"PF",4,4,1
351,2005 Nov,"PI",1,0,0
351,2005 Nov,"PP",25,5,0.2
352,2005 Dec,"DM",17,3,0.176470588235294
352,2005 Dec,"DO",14,4,0.285714285714286
352,2005 Dec,"NE",1,1,1
352,2005 Dec,"OL",1,0,0
352,2005 Dec,"OT",12,1,0.0833333333333333
352,2005 Dec,"PB",21,2,0.0952380952380952
352,2005 Dec,"PE",2,1,0.5
352,2005 Dec,"PI",1,1,1
352,2005 Dec,"PP",2,0,0
352,2005 Dec,"RM",3,3,1
353,2006 Jan,"DM",15,2,0.133333333333333
353,2006 Jan,"DO",16,3,0.1875
353,2006 Jan,"OT",10,1,0.1
353,2006 Jan,"PB",22,3,0.136363636363636
353,2006 Jan,"PE",1,0,0
353,2006 Jan,"PM",1,1,1
353,2006 Jan,"PP",3,1,0.333333333333333
353,2006 Jan,"RM",1,0,0
354,2006 Jan,"DM",14,2,0.142857142857143
354,2006 Jan,"DO",17,6,0.352941176470588
354,2006 Jan,"NE",2,1,0.5
354,2006 Jan,"OL",1,0,0
354,2006 Jan,"OT",8,0,0
354,2006 Jan,"PB",19,1,0.0526315789473684
354,2006 Jan,"PE",3,1,0.333333333333333
354,2006 Jan,"PM",1,1,1
354,2006 Jan,"PP",5,2,0.4
354,2006 Jan,"RM",2,1,0.5
355,2006 Mar,"DM",21,9,0.428571428571429
355,2006 Mar,"DO",9,0,0
355,2006 Mar,"DX",2,2,1
355,2006 Mar,"NE",1,0,0
355,2006 Mar,"OT",3,0,0
355,2006 Mar,"PB",15,1,0.0666666666666667
355,2006 Mar,"PE",4,2,0.5
355,2006 Mar,"PF",1,1,1
355,2006 Mar,"PP",7,1,0.142857142857143
355,2006 Mar,"RO",1,1,1
356,2006 Mar,"DM",16,5,0.3125
356,2006 Mar,"DO",9,3,0.333333333333333
356,2006 Mar,"DX",1,1,1
356,2006 Mar,"OT",6,0,0
356,2006 Mar,"PB",16,3,0.1875
356,2006 Mar,"PE",3,1,0.333333333333333
356,2006 Mar,"PF",3,2,0.666666666666667
356,2006 Mar,"PI",1,0,0
356,2006 Mar,"PP",18,4,0.222222222222222
357,2006 Apr,"DM",23,8,0.347826086956522
357,2006 Apr,"DO",12,3,0.25
357,2006 Apr,"OT",3,0,0
357,2006 Apr,"PB",12,1,0.0833333333333333
357,2006 Apr,"PF",1,0,0
357,2006 Apr,"PI",1,1,1
357,2006 Apr,"PP",43,15,0.348837209302326
358,2006 May,"DM",19,7,0.368421052631579
358,2006 May,"DO",12,1,0.0833333333333333
358,2006 May,"NE",2,1,0.5
358,2006 May,"OL",1,0,0
358,2006 May,"OT",3,2,0.666666666666667
358,2006 May,"PB",13,6,0.461538461538462
358,2006 May,"PF",1,0,0
358,2006 May,"PM",1,1,1
358,2006 May,"PP",37,12,0.324324324324324
359,2006 Jun,"DM",8,2,0.25
359,2006 Jun,"DO",6,0,0
359,2006 Jun,"PB",2,1,0.5
359,2006 Jun,"PP",33,12,0.363636363636364
360,2006 Jul,"DM",16,7,0.4375
360,2006 Jul,"DO",8,0,0
360,2006 Jul,"OT",1,1,1
360,2006 Jul,"PB",21,11,0.523809523809524
360,2006 Jul,"PF",1,0,0
360,2006 Jul,"PP",69,40,0.579710144927536
361,2006 Aug,"DM",9,3,0.333333333333333
361,2006 Aug,"DO",3,1,0.333333333333333
361,2006 Aug,"OT",2,2,1
361,2006 Aug,"PB",2,1,0.5
361,2006 Aug,"PP",9,2,0.222222222222222
362,2006 Sep,"DM",7,3,0.428571428571429
362,2006 Sep,"DO",2,0,0
362,2006 Sep,"PB",6,2,0.333333333333333
362,2006 Sep,"PP",34,16,0.470588235294118
363,2006 Oct,"DM",17,6,0.352941176470588
363,2006 Oct,"DO",2,0,0
363,2006 Oct,"NE",1,1,1
363,2006 Oct,"OT",1,0,0
363,2006 Oct,"PB",17,8,0.470588235294118
363,2006 Oct,"PP",51,30,0.588235294117647
364,2006 Nov,"DM",16,4,0.25
364,2006 Nov,"DO",5,2,0.4
364,2006 Nov,"NE",1,1,1
364,2006 Nov,"OT",5,4,0.8
364,2006 Nov,"PB",24,15,0.625
364,2006 Nov,"PE",1,1,1
364,2006 Nov,"PM",1,1,1
364,2006 Nov,"PP",102,64,0.627450980392157
364,2006 Nov,"SH",1,1,1
365,2006 Dec,"DM",23,10,0.434782608695652
365,2006 Dec,"DO",6,3,0.5
365,2006 Dec,"NE",1,1,1
365,2006 Dec,"OT",2,1,0.5
365,2006 Dec,"PB",36,20,0.555555555555556
365,2006 Dec,"PE",5,4,0.8
365,2006 Dec,"PP",72,24,0.333333333333333
365,2006 Dec,"SH",5,4,0.8
366,2007 Jan,"DM",6,2,0.333333333333333
366,2007 Jan,"DO",8,7,0.875
366,2007 Jan,"NE",1,0,0
366,2007 Jan,"OL",4,4,1
366,2007 Jan,"OT",3,1,0.333333333333333
366,2007 Jan,"PB",22,13,0.590909090909091
366,2007 Jan,"PE",3,3,1
366,2007 Jan,"PP",16,4,0.25
366,2007 Jan,"RM",1,1,1
366,2007 Jan,"SH",3,2,0.666666666666667
367,2007 Feb,"DM",20,6,0.3
367,2007 Feb,"DO",14,8,0.571428571428571
367,2007 Feb,"NE",3,2,0.666666666666667
367,2007 Feb,"OT",3,2,0.666666666666667
367,2007 Feb,"PB",45,18,0.4
367,2007 Feb,"PE",4,2,0.5
367,2007 Feb,"PP",45,13,0.288888888888889
367,2007 Feb,"RM",1,1,1
367,2007 Feb,"SH",12,12,1
368,2007 Mar,"DM",16,6,0.375
368,2007 Mar,"DO",20,9,0.45
368,2007 Mar,"NE",1,1,1
368,2007 Mar,"OT",7,6,0.857142857142857
368,2007 Mar,"PB",38,12,0.315789473684211
368,2007 Mar,"PE",4,2,0.5
368,2007 Mar,"PF",2,2,1
368,2007 Mar,"PP",85,34,0.4
368,2007 Mar,"RM",1,1,1
368,2007 Mar,"SH",20,18,0.9
369,2007 Apr,"DM",24,8,0.333333333333333
369,2007 Apr,"DO",12,2,0.166666666666667
369,2007 Apr,"NE",2,0,0
369,2007 Apr,"OT",5,2,0.4
369,2007 Apr,"PB",47,20,0.425531914893617
369,2007 Apr,"PE",7,4,0.571428571428571
369,2007 Apr,"PM",1,1,1
369,2007 Apr,"PP",57,18,0.315789473684211
369,2007 Apr,"RM",4,4,1
369,2007 Apr,"SH",16,15,0.9375
370,2007 May,"DM",19,3,0.157894736842105
370,2007 May,"DO",14,3,0.214285714285714
370,2007 May,"NE",3,2,0.666666666666667
370,2007 May,"OT",12,8,0.666666666666667
370,2007 May,"PB",71,39,0.549295774647887
370,2007 May,"PE",2,2,1
370,2007 May,"PF",2,1,0.5
370,2007 May,"PM",6,6,1
370,2007 May,"PP",56,19,0.339285714285714
370,2007 May,"SF",2,2,1
370,2007 May,"SH",13,12,0.923076923076923
371,2007 Jun,"DM",26,7,0.269230769230769
371,2007 Jun,"DO",23,11,0.478260869565217
371,2007 Jun,"NE",3,2,0.666666666666667
371,2007 Jun,"OT",8,5,0.625
371,2007 Jun,"PB",88,46,0.522727272727273
371,2007 Jun,"PE",2,2,1
371,2007 Jun,"PF",1,0,0
371,2007 Jun,"PM",2,1,0.5
371,2007 Jun,"PP",79,42,0.531645569620253
371,2007 Jun,"RM",3,2,0.666666666666667
371,2007 Jun,"SF",2,2,1
371,2007 Jun,"SH",17,16,0.941176470588235
372,2007 Jul,"DM",21,2,0.0952380952380952
372,2007 Jul,"DO",20,5,0.25
372,2007 Jul,"NE",1,0,0
372,2007 Jul,"OL",1,0,0
372,2007 Jul,"OT",13,7,0.538461538461538
372,2007 Jul,"PB",93,28,0.301075268817204
372,2007 Jul,"PE",3,2,0.666666666666667
372,2007 Jul,"PF",2,2,1
372,2007 Jul,"PL",1,1,1
372,2007 Jul,"PP",96,50,0.520833333333333
372,2007 Jul,"RM",1,1,1
372,2007 Jul,"SF",2,2,1
372,2007 Jul,"SH",2,2,1
373,2007 Aug,"BA",1,1,1
373,2007 Aug,"DM",5,2,0.4
373,2007 Aug,"DO",12,6,0.5
373,2007 Aug,"NE",4,2,0.5
373,2007 Aug,"OL",1,0,0
373,2007 Aug,"OT",6,2,0.333333333333333
373,2007 Aug,"PB",51,17,0.333333333333333
373,2007 Aug,"PE",1,1,1
373,2007 Aug,"PM",2,2,1
373,2007 Aug,"PP",36,16,0.444444444444444
373,2007 Aug,"RM",2,2,1
373,2007 Aug,"SH",2,2,1
374,2007 Sep,"BA",2,2,1
374,2007 Sep,"DM",25,1,0.04
374,2007 Sep,"DO",25,8,0.32
374,2007 Sep,"NE",1,0,0
374,2007 Sep,"OL",1,1,1
374,2007 Sep,"OT",28,19,0.678571428571429
374,2007 Sep,"PB",69,10,0.144927536231884
374,2007 Sep,"PF",4,4,1
374,2007 Sep,"PL",3,2,0.666666666666667
374,2007 Sep,"PM",1,0,0
374,2007 Sep,"PP",76,21,0.276315789473684
374,2007 Sep,"SF",7,7,1
374,2007 Sep,"SH",2,2,1
375,2007 Oct,"BA",11,11,1
375,2007 Oct,"DM",31,10,0.32258064516129
375,2007 Oct,"DO",26,3,0.115384615384615
375,2007 Oct,"NE",2,1,0.5
375,2007 Oct,"OL",3,2,0.666666666666667
375,2007 Oct,"OT",30,11,0.366666666666667
375,2007 Oct,"PB",54,7,0.12962962962963
375,2007 Oct,"PE",5,1,0.2
375,2007 Oct,"PF",6,4,0.666666666666667
375,2007 Oct,"PM",4,3,0.75
375,2007 Oct,"PP",19,6,0.315789473684211
375,2007 Oct,"RM",4,4,1
375,2007 Oct,"SF",13,12,0.923076923076923
375,2007 Oct,"SH",1,1,1
376,2007 Nov,"BA",9,7,0.777777777777778
376,2007 Nov,"DM",32,10,0.3125
376,2007 Nov,"DO",31,8,0.258064516129032
376,2007 Nov,"NE",3,0,0
376,2007 Nov,"OL",4,3,0.75
376,2007 Nov,"OT",35,11,0.314285714285714
376,2007 Nov,"PB",48,8,0.166666666666667
376,2007 Nov,"PE",3,0,0
376,2007 Nov,"PF",6,4,0.666666666666667
376,2007 Nov,"PL",5,4,0.8
376,2007 Nov,"PM",3,2,0.666666666666667
376,2007 Nov,"PP",13,4,0.307692307692308
376,2007 Nov,"RM",11,11,1
376,2007 Nov,"SF",6,4,0.666666666666667
376,2007 Nov,"SH",5,4,0.8
377,2007 Dec,"BA",5,2,0.4
377,2007 Dec,"DM",37,7,0.189189189189189
377,2007 Dec,"DO",36,5,0.138888888888889
377,2007 Dec,"NE",2,0,0
377,2007 Dec,"OL",3,2,0.666666666666667
377,2007 Dec,"OT",14,1,0.0714285714285714
377,2007 Dec,"PB",34,3,0.0882352941176471
377,2007 Dec,"PE",4,2,0.5
377,2007 Dec,"PL",3,2,0.666666666666667
377,2007 Dec,"PM",4,2,0.5
377,2007 Dec,"RM",9,6,0.666666666666667
377,2007 Dec,"SF",5,5,1
378,2008 Jan,"BA",2,1,0.5
378,2008 Jan,"DM",33,5,0.151515151515152
378,2008 Jan,"DO",31,4,0.129032258064516
378,2008 Jan,"DS",1,1,1
378,2008 Jan,"NE",1,0,0
378,2008 Jan,"OL",2,1,0.5
378,2008 Jan,"OT",9,2,0.222222222222222
378,2008 Jan,"PB",28,0,0
378,2008 Jan,"PE",1,0,0
378,2008 Jan,"PL",4,2,0.5
378,2008 Jan,"RM",7,7,1
378,2008 Jan,"SF",4,4,1
378,2008 Jan,"SH",1,0,0
379,2008 Feb,"DM",40,7,0.175
379,2008 Feb,"DO",34,7,0.205882352941176
379,2008 Feb,"DS",1,0,0
379,2008 Feb,"NE",3,0,0
379,2008 Feb,"OL",1,0,0
379,2008 Feb,"OT",8,1,0.125
379,2008 Feb,"PB",27,2,0.0740740740740741
379,2008 Feb,"PL",2,1,0.5
379,2008 Feb,"PM",3,1,0.333333333333333
379,2008 Feb,"PP",1,0,0
379,2008 Feb,"RM",8,8,1
379,2008 Feb,"SF",5,3,0.6
380,2008 Mar,"DM",39,5,0.128205128205128
380,2008 Mar,"DO",35,3,0.0857142857142857
380,2008 Mar,"DS",1,0,0
380,2008 Mar,"NE",2,1,0.5
380,2008 Mar,"OT",10,2,0.2
380,2008 Mar,"PB",29,5,0.172413793103448
380,2008 Mar,"PE",1,0,0
380,2008 Mar,"PL",1,0,0
380,2008 Mar,"PM",3,2,0.666666666666667
380,2008 Mar,"PP",4,0,0
380,2008 Mar,"RM",5,3,0.6
380,2008 Mar,"SF",2,1,0.5
380,2008 Mar,"SH",1,1,1
381,2008 Apr,"BA",3,2,0.666666666666667
381,2008 Apr,"DM",36,3,0.0833333333333333
381,2008 Apr,"DO",41,12,0.292682926829268
381,2008 Apr,"DS",2,1,0.5
381,2008 Apr,"NE",1,0,0
381,2008 Apr,"OT",7,2,0.285714285714286
381,2008 Apr,"PB",29,1,0.0344827586206897
381,2008 Apr,"PF",1,0,0
381,2008 Apr,"PM",6,2,0.333333333333333
381,2008 Apr,"PP",21,6,0.285714285714286
381,2008 Apr,"PX",1,1,1
381,2008 Apr,"RM",5,3,0.6
381,2008 Apr,"SF",4,3,0.75
381,2008 Apr,"SH",2,2,1
382,2008 May,"BA",4,2,0.5
382,2008 May,"DM",40,4,0.1
382,2008 May,"DO",49,13,0.26530612244898
382,2008 May,"DS",2,0,0
382,2008 May,"NE",4,2,0.5
382,2008 May,"OL",2,2,1
382,2008 May,"OT",8,1,0.125
382,2008 May,"PB",30,3,0.1
382,2008 May,"PE",2,1,0.5
382,2008 May,"PF",5,5,1
382,2008 May,"PL",1,0,0
382,2008 May,"PM",6,1,0.166666666666667
382,2008 May,"PP",41,12,0.292682926829268
382,2008 May,"RM",6,5,0.833333333333333
382,2008 May,"SF",6,4,0.666666666666667
382,2008 May,"SH",1,0,0
383,2008 Jun,"BA",5,4,0.8
383,2008 Jun,"DM",43,6,0.13953488372093
383,2008 Jun,"DO",42,2,0.0476190476190476
383,2008 Jun,"DS",3,1,0.333333333333333
383,2008 Jun,"NE",3,0,0
383,2008 Jun,"OT",9,3,0.333333333333333
383,2008 Jun,"PB",27,5,0.185185185185185
383,2008 Jun,"PE",2,2,1
383,2008 Jun,"PF",8,4,0.5
383,2008 Jun,"PM",3,2,0.666666666666667
383,2008 Jun,"PP",29,6,0.206896551724138
383,2008 Jun,"RM",1,1,1
383,2008 Jun,"SF",5,1,0.2
384,2008 Jun,"BA",2,1,0.5
384,2008 Jun,"DM",39,9,0.230769230769231
384,2008 Jun,"DO",39,2,0.0512820512820513
384,2008 Jun,"DS",4,2,0.5
384,2008 Jun,"NE",3,0,0
384,2008 Jun,"OT",8,1,0.125
384,2008 Jun,"PB",27,5,0.185185185185185
384,2008 Jun,"PF",9,5,0.555555555555556
384,2008 Jun,"PM",2,0,0
384,2008 Jun,"PP",43,13,0.302325581395349
384,2008 Jun,"RM",1,0,0
384,2008 Jun,"SF",2,1,0.5
385,2008 Jul,"DM",24,2,0.0833333333333333
385,2008 Jul,"DO",25,0,0
385,2008 Jul,"DS",1,0,0
385,2008 Jul,"NE",1,1,1
385,2008 Jul,"OT",4,0,0
385,2008 Jul,"PB",7,0,0
385,2008 Jul,"PF",2,1,0.5
385,2008 Jul,"PP",16,6,0.375
385,2008 Jul,"SF",2,1,0.5
386,2008 Aug,"DM",12,1,0.0833333333333333
386,2008 Aug,"DO",12,0,0
386,2008 Aug,"DS",3,1,0.333333333333333
386,2008 Aug,"NE",1,1,1
386,2008 Aug,"OT",7,3,0.428571428571429
386,2008 Aug,"PB",14,1,0.0714285714285714
386,2008 Aug,"PF",1,0,0
386,2008 Aug,"PP",27,9,0.333333333333333
386,2008 Aug,"SF",2,1,0.5
387,2008 Sep,"DM",13,4,0.307692307692308
387,2008 Sep,"DO",16,1,0.0625
387,2008 Sep,"DS",2,0,0
387,2008 Sep,"NE",3,0,0
387,2008 Sep,"OT",8,3,0.375
387,2008 Sep,"PB",14,1,0.0714285714285714
387,2008 Sep,"PF",1,0,0
387,2008 Sep,"PP",27,12,0.444444444444444
387,2008 Sep,"SF",1,0,0
388,2008 Oct,"DM",15,4,0.266666666666667
388,2008 Oct,"DO",18,4,0.222222222222222
388,2008 Oct,"DS",4,2,0.5
388,2008 Oct,"NE",2,1,0.5
388,2008 Oct,"OT",9,2,0.222222222222222
388,2008 Oct,"PB",12,0,0
388,2008 Oct,"PE",2,2,1
388,2008 Oct,"PF",1,1,1
388,2008 Oct,"PP",9,3,0.333333333333333
389,2008 Nov,"DM",21,4,0.19047619047619
389,2008 Nov,"DO",21,3,0.142857142857143
389,2008 Nov,"DS",3,1,0.333333333333333
389,2008 Nov,"NE",4,1,0.25
389,2008 Nov,"OT",3,0,0
389,2008 Nov,"PB",10,2,0.2
389,2008 Nov,"PE",2,2,1
389,2008 Nov,"PF",1,1,1
389,2008 Nov,"PP",2,1,0.5
389,2008 Nov,"SF",1,1,1
390,2008 Dec,"DM",22,5,0.227272727272727
390,2008 Dec,"DO",22,5,0.227272727272727
390,2008 Dec,"DS",2,0,0
390,2008 Dec,"NE",2,1,0.5
390,2008 Dec,"OT",1,0,0
390,2008 Dec,"PB",9,1,0.111111111111111
390,2008 Dec,"PE",1,0,0
391,2009 Jan,"BA",1,1,1
391,2009 Jan,"DM",19,2,0.105263157894737
391,2009 Jan,"DO",22,6,0.272727272727273
391,2009 Jan,"DS",1,0,0
391,2009 Jan,"NE",3,0,0
391,2009 Jan,"OL",1,1,1
391,2009 Jan,"OT",5,3,0.6
391,2009 Jan,"PB",5,0,0
392,2009 Feb,"BA",1,1,1
392,2009 Feb,"DM",25,6,0.24
392,2009 Feb,"DO",22,8,0.363636363636364
392,2009 Feb,"DS",1,0,0
392,2009 Feb,"DX",1,1,1
392,2009 Feb,"NE",4,1,0.25
392,2009 Feb,"OT",2,1,0.5
392,2009 Feb,"PB",5,0,0
392,2009 Feb,"PE",2,1,0.5
392,2009 Feb,"RM",3,3,1
393,2009 Mar,"DM",20,5,0.25
393,2009 Mar,"DO",29,10,0.344827586206897
393,2009 Mar,"NE",3,2,0.666666666666667
393,2009 Mar,"OL",1,0,0
393,2009 Mar,"OT",3,0,0
393,2009 Mar,"PB",4,0,0
393,2009 Mar,"PF",1,1,1
393,2009 Mar,"PP",10,4,0.4
393,2009 Mar,"RM",1,1,1
394,2009 Apr,"BA",2,1,0.5
394,2009 Apr,"DM",16,4,0.25
394,2009 Apr,"DO",25,9,0.36
394,2009 Apr,"NE",3,1,0.333333333333333
394,2009 Apr,"OL",1,0,0
394,2009 Apr,"OT",4,0,0
394,2009 Apr,"PB",10,3,0.3
394,2009 Apr,"PF",1,1,1
394,2009 Apr,"PP",25,6,0.24
394,2009 Apr,"SF",2,2,1
395,2009 May,"BA",2,1,0.5
395,2009 May,"DM",20,8,0.4
395,2009 May,"DO",28,8,0.285714285714286
395,2009 May,"NE",1,0,0
395,2009 May,"OL",1,1,1
395,2009 May,"OT",2,1,0.5
395,2009 May,"PB",11,4,0.363636363636364
395,2009 May,"PE",1,1,1
395,2009 May,"PF",3,2,0.666666666666667
395,2009 May,"PP",28,12,0.428571428571429
395,2009 May,"SF",1,0,0
396,2009 Jun,"BA",1,1,1
396,2009 Jun,"DM",14,3,0.214285714285714
396,2009 Jun,"DO",24,2,0.0833333333333333
396,2009 Jun,"DS",1,1,1
396,2009 Jun,"NE",2,1,0.5
396,2009 Jun,"OT",1,0,0
396,2009 Jun,"PB",13,7,0.538461538461538
396,2009 Jun,"PP",37,18,0.486486486486487
396,2009 Jun,"SF",1,0,0
397,2009 Jul,"BA",1,1,1
397,2009 Jul,"DM",15,1,0.0666666666666667
397,2009 Jul,"DO",18,2,0.111111111111111
397,2009 Jul,"DS",2,1,0.5
397,2009 Jul,"NE",1,0,0
397,2009 Jul,"OL",1,1,1
397,2009 Jul,"OT",1,0,0
397,2009 Jul,"PB",9,4,0.444444444444444
397,2009 Jul,"PP",30,11,0.366666666666667
398,2009 Aug,"DM",14,0,0
398,2009 Aug,"DO",13,1,0.0769230769230769
398,2009 Aug,"DS",2,0,0
398,2009 Aug,"NE",2,0,0
398,2009 Aug,"OT",2,1,0.5
398,2009 Aug,"PB",7,2,0.285714285714286
398,2009 Aug,"PE",1,1,1
398,2009 Aug,"PP",14,3,0.214285714285714
399,2009 Sep,"DM",13,5,0.384615384615385
399,2009 Sep,"DO",5,1,0.2
399,2009 Sep,"DS",3,0,0
399,2009 Sep,"DX",1,1,1
399,2009 Sep,"NE",2,0,0
399,2009 Sep,"OL",1,1,1
399,2009 Sep,"OT",3,2,0.666666666666667
399,2009 Sep,"PB",4,0,0
399,2009 Sep,"PP",2,1,0.5
400,2009 Oct,"DM",10,5,0.5
400,2009 Oct,"DO",3,0,0
400,2009 Oct,"DS",2,0,0
400,2009 Oct,"NE",1,0,0
400,2009 Oct,"OT",2,1,0.5
400,2009 Oct,"PB",4,0,0
400,2009 Oct,"PP",1,1,1
401,2009 Nov,"DM",10,1,0.1
401,2009 Nov,"DO",1,0,0
401,2009 Nov,"DS",2,0,0
401,2009 Nov,"OL",2,1,0.5
401,2009 Nov,"OT",3,2,0.666666666666667
401,2009 Nov,"PB",3,2,0.666666666666667
401,2009 Nov,"PP",1,0,0
402,2009 Dec,"DM",10,5,0.5
402,2009 Dec,"DO",1,0,0
402,2009 Dec,"DS",2,0,0
402,2009 Dec,"NE",1,0,0
402,2009 Dec,"OT",1,0,0
402,2009 Dec,"PB",2,1,0.5
402,2009 Dec,"PE",1,1,1
403,2010 Jan,"DM",11,1,0.0909090909090909
403,2010 Jan,"DS",1,0,0
403,2010 Jan,"OT",2,0,0
403,2010 Jan,"PB",1,0,0
404,2010 Feb,"DM",13,4,0.307692307692308
404,2010 Feb,"DO",1,0,0
404,2010 Feb,"DS",1,0,0
404,2010 Feb,"NE",1,0,0
404,2010 Feb,"OL",1,0,0
404,2010 Feb,"OT",1,0,0
404,2010 Feb,"PB",3,1,0.333333333333333
404,2010 Feb,"PP",1,0,0
405,2010 Mar,"DM",12,3,0.25
405,2010 Mar,"DO",1,0,0
405,2010 Mar,"PB",3,0,0
405,2010 Mar,"PP",2,1,0.5
406,2010 Apr,"DM",16,11,0.6875
406,2010 Apr,"DO",1,1,1
406,2010 Apr,"OT",1,1,1
406,2010 Apr,"PB",1,0,0
406,2010 Apr,"PP",9,3,0.333333333333333
407,2010 May,"DM",21,12,0.571428571428571
407,2010 May,"DO",1,0,0
407,2010 May,"PB",1,0,0
407,2010 May,"PP",12,4,0.333333333333333
409,2010 Jul,"DM",15,9,0.6
409,2010 Jul,"DO",1,0,0
409,2010 Jul,"OT",2,2,1
409,2010 Jul,"PB",2,2,1
409,2010 Jul,"PP",20,14,0.7
411,2010 Sep,"DM",15,9,0.6
411,2010 Sep,"DO",3,2,0.666666666666667
411,2010 Sep,"NE",1,1,1
411,2010 Sep,"PP",54,44,0.814814814814815
413,2010 Nov,"DM",18,11,0.611111111111111
413,2010 Nov,"DO",2,0,0
413,2010 Nov,"PF",1,1,1
413,2010 Nov,"PP",16,12,0.75
415,2011 Jan,"DM",23,16,0.695652173913043
415,2011 Jan,"DO",6,4,0.666666666666667
415,2011 Jan,"OT",3,3,1
415,2011 Jan,"PP",1,0,0
416,2011 Feb,"DM",20,5,0.25
416,2011 Feb,"DO",2,0,0
416,2011 Feb,"OL",1,1,1
416,2011 Feb,"OT",1,1,1
417,2011 Mar,"DM",19,12,0.631578947368421
417,2011 Mar,"DO",3,1,0.333333333333333
417,2011 Mar,"OL",1,0,0
417,2011 Mar,"OT",1,0,0
417,2011 Mar,"PP",2,1,0.5
418,2011 Apr,"DM",21,6,0.285714285714286
418,2011 Apr,"DO",6,4,0.666666666666667
418,2011 Apr,"OT",1,1,1
418,2011 Apr,"PF",1,0,0
418,2011 Apr,"PP",24,7,0.291666666666667
419,2011 May,"DM",23,11,0.478260869565217
419,2011 May,"DO",2,0,0
419,2011 May,"OT",1,0,0
419,2011 May,"PF",1,0,0
419,2011 May,"PP",37,19,0.513513513513513
420,2011 May,"DM",12,5,0.416666666666667
420,2011 May,"DO",2,0,0
420,2011 May,"PF",1,0,0
420,2011 May,"PP",33,21,0.636363636363636
421,2011 Jul,"DM",11,2,0.181818181818182
421,2011 Jul,"DO",2,0,0
421,2011 Jul,"PB",1,1,1
421,2011 Jul,"PP",34,24,0.705882352941177
422,2011 Aug,"DM",18,12,0.666666666666667
422,2011 Aug,"DO",2,0,0
422,2011 Aug,"PP",54,41,0.759259259259259
423,2011 Aug,"DM",14,11,0.785714285714286
423,2011 Aug,"PP",61,45,0.737704918032787
424,2011 Oct,"DM",15,2,0.133333333333333
424,2011 Oct,"OT",2,2,1
424,2011 Oct,"PB",1,1,1
424,2011 Oct,"PP",77,48,0.623376623376623
425,2011 Oct,"DM",17,9,0.529411764705882
425,2011 Oct,"OT",4,3,0.75
425,2011 Oct,"PB",1,1,1
425,2011 Oct,"PE",1,1,1
425,2011 Oct,"PF",1,1,1
425,2011 Oct,"PP",81,59,0.728395061728395
427,2011 Dec,"DM",12,6,0.5
427,2011 Dec,"OL",2,2,1
427,2011 Dec,"OT",2,2,1
427,2011 Dec,"PB",1,0,0
427,2011 Dec,"PE",5,5,1
427,2011 Dec,"PP",3,1,0.333333333333333
428,2012 Jan,"DM",32,19,0.59375
428,2012 Jan,"DO",2,2,1
428,2012 Jan,"OL",5,4,0.8
428,2012 Jan,"OT",1,1,1
428,2012 Jan,"PB",2,1,0.5
428,2012 Jan,"PE",8,5,0.625
428,2012 Jan,"PF",2,2,1
428,2012 Jan,"PP",4,2,0.5
428,2012 Jan,"RM",1,1,1
428,2012 Jan,"RO",1,1,1
429,2012 Feb,"DM",28,9,0.321428571428571
429,2012 Feb,"DO",1,1,1
429,2012 Feb,"OL",6,3,0.5
429,2012 Feb,"OT",1,0,0
429,2012 Feb,"PB",2,0,0
429,2012 Feb,"PE",2,2,1
429,2012 Feb,"PF",6,6,1
429,2012 Feb,"PP",13,6,0.461538461538462
429,2012 Feb,"RM",2,2,1
429,2012 Feb,"RO",1,0,0
430,2012 Mar,"DM",29,7,0.241379310344828
430,2012 Mar,"DO",3,2,0.666666666666667
430,2012 Mar,"OL",3,0,0
430,2012 Mar,"PB",3,2,0.666666666666667
430,2012 Mar,"PE",4,1,0.25
430,2012 Mar,"PF",5,1,0.2
430,2012 Mar,"PP",31,8,0.258064516129032
431,2012 Apr,"DM",31,18,0.580645161290323
431,2012 Apr,"DO",1,0,0
431,2012 Apr,"NE",1,1,1
431,2012 Apr,"OL",5,1,0.2
431,2012 Apr,"OT",2,1,0.5
431,2012 Apr,"PB",2,1,0.5
431,2012 Apr,"PE",2,1,0.5
431,2012 Apr,"PF",2,0,0
431,2012 Apr,"PP",56,28,0.5
432,2012 May,"DM",30,13,0.433333333333333
432,2012 May,"DO",3,3,1
432,2012 May,"NE",1,0,0
432,2012 May,"OL",1,0,0
432,2012 May,"PB",4,4,1
432,2012 May,"PE",3,3,1
432,2012 May,"PF",4,4,1
432,2012 May,"PP",56,35,0.625
432,2012 May,"RM",1,1,1
432,2012 May,"UR",1,1,1
433,2012 Jun,"DM",49,22,0.448979591836735
433,2012 Jun,"DO",1,0,0
433,2012 Jun,"NE",1,0,0
433,2012 Jun,"OT",1,1,1
433,2012 Jun,"PB",4,3,0.75
433,2012 Jun,"PE",2,1,0.5
433,2012 Jun,"PF",2,2,1
433,2012 Jun,"PP",94,61,0.648936170212766
434,2012 Jul,"DM",50,22,0.44
434,2012 Jul,"DO",2,1,0.5
434,2012 Jul,"OT",1,1,1
434,2012 Jul,"PB",10,9,0.9
434,2012 Jul,"PE",2,2,1
434,2012 Jul,"PP",137,112,0.817518248175182
435,2012 Aug,"DM",49,12,0.244897959183673
435,2012 Aug,"DO",2,0,0
435,2012 Aug,"OT",3,3,1
435,2012 Aug,"PB",2,2,1
435,2012 Aug,"PF",2,1,0.5
435,2012 Aug,"PP",112,93,0.830357142857143
436,2012 Sep,"DM",44,10,0.227272727272727
436,2012 Sep,"DO",2,1,0.5
436,2012 Sep,"OL",2,2,1
436,2012 Sep,"OT",6,5,0.833333333333333
436,2012 Sep,"PB",6,6,1
436,2012 Sep,"PE",3,2,0.666666666666667
436,2012 Sep,"PP",77,65,0.844155844155844
437,2012 Oct,"DM",47,6,0.127659574468085
437,2012 Oct,"DO",1,1,1
437,2012 Oct,"OL",5,4,0.8
437,2012 Oct,"OT",9,3,0.333333333333333
437,2012 Oct,"PB",6,6,1
437,2012 Oct,"PE",3,2,0.666666666666667
437,2012 Oct,"PP",56,48,0.857142857142857
438,2012 Nov,"DM",47,8,0.170212765957447
438,2012 Nov,"DO",1,0,0
438,2012 Nov,"NE",1,1,1
438,2012 Nov,"OL",4,3,0.75
438,2012 Nov,"OT",6,3,0.5
438,2012 Nov,"PB",4,0,0
438,2012 Nov,"PE",3,0,0
438,2012 Nov,"PP",18,4,0.222222222222222
439,2012 Dec,"DM",63,23,0.365079365079365
439,2012 Dec,"DO",2,1,0.5
439,2012 Dec,"NE",1,0,0
439,2012 Dec,"OL",1,0,0
439,2012 Dec,"OT",2,0,0
439,2012 Dec,"PB",3,0,0
439,2012 Dec,"PE",5,4,0.8
439,2012 Dec,"PP",5,2,0.4
440,2013 Jan,"DM",48,10,0.208333333333333
440,2013 Jan,"DO",2,1,0.5
440,2013 Jan,"OL",3,1,0.333333333333333
440,2013 Jan,"OT",5,2,0.4
440,2013 Jan,"PB",4,0,0
440,2013 Jan,"PE",4,1,0.25
441,2013 Feb,"DM",49,13,0.26530612244898
441,2013 Feb,"DO",2,1,0.5
441,2013 Feb,"NE",1,0,0
441,2013 Feb,"OL",3,0,0
441,2013 Feb,"OT",1,0,0
441,2013 Feb,"PB",2,0,0
441,2013 Feb,"PE",3,0,0
441,2013 Feb,"PP",1,1,1
442,2013 Mar,"DM",55,16,0.290909090909091
442,2013 Mar,"DO",6,4,0.666666666666667
442,2013 Mar,"NE",1,0,0
442,2013 Mar,"OL",6,4,0.666666666666667
442,2013 Mar,"OT",2,1,0.5
442,2013 Mar,"PB",3,0,0
442,2013 Mar,"PE",3,0,0
442,2013 Mar,"PF",2,2,1
442,2013 Mar,"PP",5,0,0
442,2013 Mar,"RO",1,1,1
443,2013 Apr,"BA",2,2,1
443,2013 Apr,"DM",54,16,0.296296296296296
443,2013 Apr,"DO",3,1,0.333333333333333
443,2013 Apr,"NE",1,0,0
443,2013 Apr,"OT",1,0,0
443,2013 Apr,"PB",1,0,0
443,2013 Apr,"PE",1,0,0
443,2013 Apr,"PP",41,24,0.585365853658537
444,2013 May,"DM",50,14,0.28
444,2013 May,"DO",4,1,0.25
444,2013 May,"OL",3,1,0.333333333333333
444,2013 May,"OT",2,0,0
444,2013 May,"PB",4,2,0.5
444,2013 May,"PE",1,0,0
444,2013 May,"PP",55,23,0.418181818181818
446,2013 Jul,"DM",38,11,0.289473684210526
446,2013 Jul,"DO",4,2,0.5
446,2013 Jul,"PB",3,2,0.666666666666667
446,2013 Jul,"PF",1,0,0
446,2013 Jul,"PP",74,50,0.675675675675676
448,2013 Sep,"DM",39,24,0.615384615384615
448,2013 Sep,"DO",5,2,0.4
448,2013 Sep,"OT",2,2,1
448,2013 Sep,"PB",3,2,0.666666666666667
448,2013 Sep,"PP",62,35,0.564516129032258
450,2013 Nov,"DM",45,20,0.444444444444444
450,2013 Nov,"DO",3,0,0
450,2013 Nov,"NE",1,1,1
450,2013 Nov,"OL",4,4,1
450,2013 Nov,"OT",1,1,1
450,2013 Nov,"PB",7,5,0.714285714285714
450,2013 Nov,"PE",3,3,1
450,2013 Nov,"PP",35,22,0.628571428571429
452,2013 Dec,"DM",52,21,0.403846153846154
452,2013 Dec,"DO",2,1,0.5
452,2013 Dec,"OT",4,4,1
452,2013 Dec,"PB",7,2,0.285714285714286
452,2013 Dec,"PE",5,4,0.8
452,2013 Dec,"PP",2,0,0
452,2013 Dec,"RM",1,1,1
453,2014 Feb,"DM",66,38,0.575757575757576
453,2014 Feb,"DO",9,6,0.666666666666667
453,2014 Feb,"NE",1,0,0
453,2014 Feb,"OL",5,3,0.6
453,2014 Feb,"OT",1,1,1
453,2014 Feb,"PB",3,1,0.333333333333333
453,2014 Feb,"PE",5,4,0.8
453,2014 Feb,"PP",1,0,0
453,2014 Feb,"RM",4,4,1
454,2014 Mar,"DM",54,22,0.407407407407407
454,2014 Mar,"DO",7,2,0.285714285714286
454,2014 Mar,"NE",1,1,1
454,2014 Mar,"OL",1,0,0
454,2014 Mar,"OT",2,1,0.5
454,2014 Mar,"PB",5,0,0
454,2014 Mar,"PE",9,5,0.555555555555556
454,2014 Mar,"PP",18,9,0.5
454,2014 Mar,"RM",4,2,0.5
454,2014 Mar,"SF",1,1,1
455,2014 Mar,"BA",1,1,1
455,2014 Mar,"DM",54,35,0.648148148148148
455,2014 Mar,"DO",14,8,0.571428571428571
455,2014 Mar,"OL",2,0,0
455,2014 Mar,"PB",4,1,0.25
455,2014 Mar,"PE",5,3,0.6
455,2014 Mar,"PP",44,23,0.522727272727273
455,2014 Mar,"RM",4,3,0.75
456,2014 Apr,"DM",51,22,0.431372549019608
456,2014 Apr,"DO",17,11,0.647058823529412
456,2014 Apr,"NE",2,2,1
456,2014 Apr,"OL",2,1,0.5
456,2014 Apr,"OT",4,2,0.5
456,2014 Apr,"PB",4,3,0.75
456,2014 Apr,"PE",4,1,0.25
456,2014 Apr,"PP",51,19,0.372549019607843
456,2014 Apr,"RM",1,1,1
457,2014 May,"DM",19,6,0.315789473684211
457,2014 May,"DO",10,2,0.2
457,2014 May,"NE",1,0,0
457,2014 May,"OL",1,1,1
457,2014 May,"PB",3,3,1
457,2014 May,"PE",3,1,0.333333333333333
457,2014 May,"PP",36,25,0.694444444444444
457,2014 Jun,"DM",28,16,0.571428571428571
457,2014 Jun,"DO",1,0,0
457,2014 Jun,"OL",1,0,0
457,2014 Jun,"PB",1,0,0
457,2014 Jun,"PP",49,27,0.551020408163265
458,2014 Jun,"BA",1,1,1
458,2014 Jun,"DM",44,25,0.568181818181818
458,2014 Jun,"DO",13,6,0.461538461538462
458,2014 Jun,"OL",1,0,0
458,2014 Jun,"OT",1,1,1
458,2014 Jun,"PB",4,3,0.75
458,2014 Jun,"PE",1,1,1
458,2014 Jun,"PP",112,75,0.669642857142857
458,2014 Jun,"SF",1,0,0
459,2014 Aug,"DM",43,12,0.27906976744186
459,2014 Aug,"DO",15,3,0.2
459,2014 Aug,"DX",1,1,1
459,2014 Aug,"NE",1,0,0
459,2014 Aug,"OT",5,4,0.8
459,2014 Aug,"PB",2,2,1
459,2014 Aug,"PP",57,35,0.614035087719298
459,2014 Aug,"RM",1,1,1
460,2014 Aug,"BA",1,1,1
460,2014 Aug,"DM",37,11,0.297297297297297
460,2014 Aug,"DO",10,1,0.1
460,2014 Aug,"OL",1,1,1
460,2014 Aug,"OT",4,4,1
460,2014 Aug,"PB",4,2,0.5
460,2014 Aug,"PE",1,1,1
460,2014 Aug,"PP",106,68,0.641509433962264
461,2014 Sep,"BA",1,1,1
461,2014 Sep,"DM",36,9,0.25
461,2014 Sep,"DO",6,2,0.333333333333333
461,2014 Sep,"NE",1,0,0
461,2014 Sep,"OL",3,3,1
461,2014 Sep,"OT",4,3,0.75
461,2014 Sep,"PB",6,4,0.666666666666667
461,2014 Sep,"PP",70,6,0.0857142857142857
462,2014 Oct,"DM",39,9,0.230769230769231
462,2014 Oct,"DO",9,4,0.444444444444444
462,2014 Oct,"NE",1,0,0
462,2014 Oct,"OT",9,8,0.888888888888889
462,2014 Oct,"PB",4,1,0.25
462,2014 Oct,"PH",1,1,1
462,2014 Oct,"PP",39,11,0.282051282051282
462,2014 Oct,"SF",3,3,1
462,2014 Oct,"UR",1,1,1
463,2014 Nov,"BA",1,1,1
463,2014 Nov,"DM",35,6,0.171428571428571
463,2014 Nov,"DO",9,2,0.222222222222222
463,2014 Nov,"NE",1,0,0
463,2014 Nov,"OL",4,3,0.75
463,2014 Nov,"OT",7,3,0.428571428571429
463,2014 Nov,"PB",6,1,0.166666666666667
463,2014 Nov,"PE",4,4,1
463,2014 Nov,"PP",15,2,0.133333333333333
463,2014 Nov,"RM",1,1,1
463,2014 Nov,"SF",1,1,1
463,2014 Nov,"SH",1,1,1
464,2014 Dec,"BA",4,4,1
464,2014 Dec,"DM",14,3,0.214285714285714
464,2014 Dec,"DO",7,3,0.428571428571429
464,2014 Dec,"NE",1,0,0
464,2014 Dec,"OL",4,3,0.75
464,2014 Dec,"OT",6,1,0.166666666666667
464,2014 Dec,"PB",3,1,0.333333333333333
464,2014 Dec,"PE",6,4,0.666666666666667
464,2014 Dec,"PP",11,6,0.545454545454545
464,2014 Dec,"RM",1,1,1
464,2014 Dec,"RO",1,1,1
464,2014 Dec,"SF",1,1,1
465,2015 Jan,"BA",2,2,1
465,2015 Jan,"DM",48,22,0.458333333333333
465,2015 Jan,"DO",13,8,0.615384615384615
465,2015 Jan,"NE",1,0,0
465,2015 Jan,"OL",7,6,0.857142857142857
465,2015 Jan,"OT",7,2,0.285714285714286
465,2015 Jan,"PB",1,0,0
465,2015 Jan,"PE",7,3,0.428571428571429
465,2015 Jan,"PP",7,1,0.142857142857143
465,2015 Jan,"RM",4,4,1
465,2015 Jan,"RO",4,4,1
465,2015 Jan,"SF",1,1,1
466,2015 Feb,"BA",3,2,0.666666666666667
466,2015 Feb,"DM",50,16,0.32
466,2015 Feb,"DO",21,11,0.523809523809524
466,2015 Feb,"NE",1,0,0
466,2015 Feb,"OL",8,3,0.375
466,2015 Feb,"OT",7,3,0.428571428571429
466,2015 Feb,"PB",5,3,0.6
466,2015 Feb,"PE",8,5,0.625
466,2015 Feb,"PF",1,1,1
466,2015 Feb,"PP",21,5,0.238095238095238
466,2015 Feb,"RM",13,12,0.923076923076923
466,2015 Feb,"RO",3,3,1
466,2015 Feb,"SF",10,10,1
466,2015 Feb,"SH",1,1,1
467,2015 Mar,"BA",13,12,0.923076923076923
467,2015 Mar,"DM",42,16,0.380952380952381
467,2015 Mar,"DO",22,8,0.363636363636364
467,2015 Mar,"NE",1,0,0
467,2015 Mar,"OL",2,1,0.5
467,2015 Mar,"OT",6,2,0.333333333333333
467,2015 Mar,"PB",4,3,0.75
467,2015 Mar,"PE",5,3,0.6
467,2015 Mar,"PP",42,8,0.19047619047619
467,2015 Mar,"RM",18,14,0.777777777777778
467,2015 Mar,"RO",2,1,0.5
467,2015 Mar,"SF",7,5,0.714285714285714
467,2015 Mar,"SH",4,4,1
468,2015 Apr,"BA",13,11,0.846153846153846
468,2015 Apr,"DM",25,13,0.52
468,2015 Apr,"DO",9,5,0.555555555555556
468,2015 Apr,"OL",5,2,0.4
468,2015 Apr,"OT",4,3,0.75
468,2015 Apr,"PB",3,3,1
468,2015 Apr,"PE",14,12,0.857142857142857
468,2015 Apr,"PF",3,3,1
468,2015 Apr,"PP",60,36,0.6
468,2015 Apr,"RM",37,31,0.837837837837838
468,2015 Apr,"SF",2,1,0.5
468,2015 Apr,"SH",3,3,1
469,2015 May,"BA",11,10,0.909090909090909
469,2015 May,"DM",40,16,0.4
469,2015 May,"DO",13,7,0.538461538461538
469,2015 May,"OL",8,6,0.75
469,2015 May,"OT",8,6,0.75
469,2015 May,"PB",2,1,0.5
469,2015 May,"PE",12,7,0.583333333333333
469,2015 May,"PF",1,0,0
469,2015 May,"PP",46,17,0.369565217391304
469,2015 May,"RM",11,5,0.454545454545455
469,2015 May,"SF",1,1,1
469,2015 May,"SH",2,2,1
470,2015 Jun,"BA",13,8,0.615384615384615
470,2015 Jun,"DM",37,14,0.378378378378378
470,2015 Jun,"DO",13,7,0.538461538461538
470,2015 Jun,"OL",4,3,0.75
470,2015 Jun,"OT",5,2,0.4
470,2015 Jun,"PB",4,3,0.75
470,2015 Jun,"PE",10,6,0.6
470,2015 Jun,"PF",5,5,1
470,2015 Jun,"PM",3,3,1
470,2015 Jun,"PP",78,47,0.602564102564103
470,2015 Jun,"RM",7,2,0.285714285714286
470,2015 Jun,"SF",4,2,0.5
470,2015 Jun,"SH",7,7,1
471,2015 Jul,"BA",9,7,0.777777777777778
471,2015 Jul,"DM",40,11,0.275
471,2015 Jul,"DO",10,5,0.5
471,2015 Jul,"OL",6,3,0.5
471,2015 Jul,"OT",4,2,0.5
471,2015 Jul,"PB",3,1,0.333333333333333
471,2015 Jul,"PE",3,2,0.666666666666667
471,2015 Jul,"PF",3,2,0.666666666666667
471,2015 Jul,"PM",1,1,1
471,2015 Jul,"PP",120,84,0.7
471,2015 Jul,"RM",3,3,1
471,2015 Jul,"SF",5,4,0.8
471,2015 Jul,"SH",2,2,1
472,2015 Aug,"BA",4,4,1
472,2015 Aug,"DM",37,5,0.135135135135135
472,2015 Aug,"DO",15,5,0.333333333333333
472,2015 Aug,"NE",1,1,1
472,2015 Aug,"OL",5,2,0.4
472,2015 Aug,"OT",5,3,0.6
472,2015 Aug,"PB",5,3,0.6
472,2015 Aug,"PE",5,2,0.4
472,2015 Aug,"PF",2,0,0
472,2015 Aug,"PM",1,1,1
472,2015 Aug,"PP",117,62,0.52991452991453
472,2015 Aug,"RM",1,1,1
472,2015 Aug,"SF",1,1,1
473,2015 Sep,"BA",4,2,0.5
473,2015 Sep,"DM",45,10,0.222222222222222
473,2015 Sep,"DO",14,3,0.214285714285714
473,2015 Sep,"NE",1,1,1
473,2015 Sep,"OL",8,2,0.25
473,2015 Sep,"OT",7,7,1
473,2015 Sep,"PB",5,0,0
473,2015 Sep,"PE",5,1,0.2
473,2015 Sep,"PF",1,0,0
473,2015 Sep,"PP",73,12,0.164383561643836
474,2015 Oct,"BA",5,4,0.8
474,2015 Oct,"DM",51,11,0.215686274509804
474,2015 Oct,"DO",16,5,0.3125
474,2015 Oct,"NE",1,1,1
474,2015 Oct,"OL",10,6,0.6
474,2015 Oct,"OT",8,4,0.5
474,2015 Oct,"PB",4,0,0
474,2015 Oct,"PE",4,3,0.75
474,2015 Oct,"PF",1,0,0
474,2015 Oct,"PP",45,6,0.133333333333333
474,2015 Oct,"RM",3,0,0
474,2015 Oct,"SF",2,2,1
475,2015 Nov,"BA",3,3,1
475,2015 Nov,"DM",53,8,0.150943396226415
475,2015 Nov,"DO",16,3,0.1875
475,2015 Nov,"NE",1,1,1
475,2015 Nov,"OL",7,4,0.571428571428571
475,2015 Nov,"OT",11,5,0.454545454545455
475,2015 Nov,"PB",2,0,0
475,2015 Nov,"PE",7,2,0.285714285714286
475,2015 Nov,"PM",1,0,0
475,2015 Nov,"PP",11,1,0.0909090909090909
475,2015 Nov,"RM",6,1,0.166666666666667
475,2015 Nov,"SF",1,1,1
475,2015 Nov,"SH",2,2,1
477,2016 Jan,"DM",20,2,0.1
477,2016 Jan,"DO",6,0,0
477,2016 Jan,"OL",2,1,0.5
477,2016 Jan,"OT",1,0,0
477,2016 Jan,"PB",1,0,0
477,2016 Jan,"PE",2,0,0
477,2016 Jan,"PP",1,0,0
477,2016 Jan,"RM",3,3,1
478,2016 Feb,"DM",45,4,0.0888888888888889
478,2016 Feb,"DO",19,4,0.210526315789474
478,2016 Feb,"NE",1,0,0
478,2016 Feb,"OL",4,3,0.75
478,2016 Feb,"PE",9,4,0.444444444444444
478,2016 Feb,"RM",7,4,0.571428571428571
478,2016 Feb,"RO",1,1,1
478,2016 Feb,"SH",1,0,0
479,2016 Mar,"BA",2,2,1
479,2016 Mar,"DM",43,3,0.0697674418604651
479,2016 Mar,"DO",21,2,0.0952380952380952
479,2016 Mar,"NE",1,0,0
479,2016 Mar,"OL",1,0,0
479,2016 Mar,"OT",1,0,0
479,2016 Mar,"PE",2,1,0.5
479,2016 Mar,"PP",14,1,0.0714285714285714
479,2016 Mar,"RM",4,1,0.25
479,2016 Mar,"SF",1,0,0
480,2016 Apr,"DM",29,6,0.206896551724138
480,2016 Apr,"DO",8,0,0
480,2016 Apr,"OL",1,0,0
480,2016 Apr,"PE",1,0,0
480,2016 Apr,"PP",17,2,0.117647058823529
480,2016 Apr,"RM",3,1,0.333333333333333
481,2016 May,"BA",1,0,0
481,2016 May,"DM",54,10,0.185185185185185
481,2016 May,"DO",20,5,0.25
481,2016 May,"DS",1,1,1
481,2016 May,"NE",2,1,0.5
481,2016 May,"OL",1,1,1
481,2016 May,"OT",2,1,0.5
481,2016 May,"PE",1,0,0
481,2016 May,"PP",37,11,0.297297297297297
481,2016 May,"RM",2,0,0
482,2016 Jun,"DM",42,1,0.0238095238095238
482,2016 Jun,"DO",15,0,0
482,2016 Jun,"DS",1,0,0
482,2016 Jun,"PE",1,1,1
482,2016 Jun,"PP",23,9,0.391304347826087
482,2016 Jun,"SF",1,0,0
483,2016 Jul,"DM",35,2,0.0571428571428571
483,2016 Jul,"DO",12,1,0.0833333333333333
483,2016 Jul,"DS",1,0,0
483,2016 Jul,"NE",1,0,0
483,2016 Jul,"OL",2,0,0
483,2016 Jul,"OT",1,1,1
483,2016 Jul,"PP",37,9,0.243243243243243
483,2016 Jul,"SF",1,0,0
484,2016 Aug,"DM",30,2,0.0666666666666667
484,2016 Aug,"DO",12,2,0.166666666666667
484,2016 Aug,"DS",1,0,0
484,2016 Aug,"OL",1,0,0
484,2016 Aug,"PB",1,1,1
484,2016 Aug,"PE",2,1,0.5
484,2016 Aug,"PP",39,12,0.307692307692308
485,2016 Sep,"DM",34,7,0.205882352941176
485,2016 Sep,"DO",9,0,0
485,2016 Sep,"NE",1,0,0
485,2016 Sep,"OL",1,0,0
485,2016 Sep,"OT",1,1,1
485,2016 Sep,"PP",32,7,0.21875
486,2016 Oct,"DM",34,7,0.205882352941176
486,2016 Oct,"DO",5,0,0
486,2016 Oct,"DS",1,0,0
486,2016 Oct,"NE",1,0,0
486,2016 Oct,"OL",1,1,1
486,2016 Oct,"OT",5,5,1
486,2016 Oct,"PE",2,2,1
486,2016 Oct,"PP",13,3,0.230769230769231
487,2016 Nov,"DM",41,8,0.195121951219512
487,2016 Nov,"DO",6,1,0.166666666666667
487,2016 Nov,"DS",1,0,0
487,2016 Nov,"NE",2,2,1
487,2016 Nov,"OL",1,1,1
487,2016 Nov,"OT",6,4,0.666666666666667
487,2016 Nov,"PE",1,1,1
487,2016 Nov,"PP",3,2,0.666666666666667
487,2016 Nov,"SH",1,1,1
488,2016 Dec,"DM",22,8,0.363636363636364
488,2016 Dec,"DO",2,0,0
488,2016 Dec,"OL",3,3,1
488,2016 Dec,"SH",1,1,1
489,2017 Jan,"DM",48,20,0.416666666666667
489,2017 Jan,"DO",9,5,0.555555555555556
489,2017 Jan,"NE",2,1,0.5
489,2017 Jan,"OT",1,0,0
489,2017 Jan,"PE",1,1,1
489,2017 Jan,"RF",1,1,1
490,2017 Jan,"DM",54,26,0.481481481481481
490,2017 Jan,"DO",12,8,0.666666666666667
490,2017 Jan,"DS",1,0,0
490,2017 Jan,"NE",1,1,1
490,2017 Jan,"OT",6,2,0.333333333333333
490,2017 Jan,"PE",2,2,1
490,2017 Jan,"PL",1,1,1
490,2017 Jan,"PM",2,2,1
490,2017 Jan,"RM",2,2,1
490,2017 Jan,"SH",2,2,1
491,2017 Feb,"DM",51,12,0.235294117647059
491,2017 Feb,"DO",11,2,0.181818181818182
491,2017 Feb,"DS",1,0,0
491,2017 Feb,"NE",2,1,0.5
491,2017 Feb,"OT",2,0,0
491,2017 Feb,"PE",1,0,0
491,2017 Feb,"RF",1,1,1
491,2017 Feb,"RM",6,5,0.833333333333333
491,2017 Feb,"RO",1,1,1
492,2017 Mar,"DM",52,16,0.307692307692308
492,2017 Mar,"DO",15,7,0.466666666666667
492,2017 Mar,"OL",3,3,1
492,2017 Mar,"OT",8,5,0.625
492,2017 Mar,"PE",6,4,0.666666666666667
492,2017 Mar,"PM",1,1,1
492,2017 Mar,"PP",14,5,0.357142857142857
492,2017 Mar,"RM",1,1,1
492,2017 Mar,"RO",1,1,1
493,2017 Apr,"DM",53,12,0.226415094339623
493,2017 Apr,"DO",14,4,0.285714285714286
493,2017 Apr,"NE",3,2,0.666666666666667
493,2017 Apr,"OL",1,1,1
493,2017 Apr,"OT",5,2,0.4
493,2017 Apr,"PE",3,0,0
493,2017 Apr,"PL",1,1,1
493,2017 Apr,"PP",12,6,0.5
493,2017 Apr,"RM",1,1,1
493,2017 Apr,"SH",4,2,0.5
494,2017 May,"DM",40,9,0.225
494,2017 May,"DO",20,8,0.4
494,2017 May,"NE",2,2,1
494,2017 May,"OL",1,0,0
494,2017 May,"OT",4,2,0.5
494,2017 May,"PE",3,1,0.333333333333333
494,2017 May,"PL",1,1,1
494,2017 May,"PP",34,23,0.676470588235294
494,2017 May,"RO",1,1,1
495,2017 Jun,"DM",31,4,0.129032258064516
495,2017 Jun,"DO",7,1,0.142857142857143
495,2017 Jun,"DS",1,1,1
495,2017 Jun,"NE",4,3,0.75
495,2017 Jun,"OT",4,2,0.5
495,2017 Jun,"PE",2,2,1
495,2017 Jun,"PP",40,32,0.8
495,2017 Jun,"SH",2,1,0.5
496,2017 Jul,"DM",17,5,0.294117647058824
496,2017 Jul,"DO",3,1,0.333333333333333
496,2017 Jul,"NE",1,0,0
496,2017 Jul,"PP",29,17,0.586206896551724
497,2017 Aug,"DM",29,7,0.241379310344828
497,2017 Aug,"DO",8,1,0.125
497,2017 Aug,"OT",10,6,0.6
497,2017 Aug,"PE",1,0,0
497,2017 Aug,"PP",66,50,0.757575757575758
498,2017 Sep,"DM",37,9,0.243243243243243
498,2017 Sep,"DO",7,1,0.142857142857143
498,2017 Sep,"NE",4,2,0.5
498,2017 Sep,"OT",7,5,0.714285714285714
498,2017 Sep,"PP",99,64,0.646464646464647
499,2017 Oct,"DM",36,5,0.138888888888889
499,2017 Oct,"DO",5,2,0.4
499,2017 Oct,"DS",1,1,1
499,2017 Oct,"NE",3,0,0
499,2017 Oct,"OT",12,7,0.583333333333333
499,2017 Oct,"PE",3,1,0.333333333333333
499,2017 Oct,"PP",38,11,0.289473684210526
500,2017 Nov,"DM",37,4,0.108108108108108
500,2017 Nov,"DO",3,0,0
500,2017 Nov,"DS",1,1,1
500,2017 Nov,"NE",3,0,0
500,2017 Nov,"OT",14,7,0.5
500,2017 Nov,"PE",7,4,0.571428571428571
500,2017 Nov,"PP",15,5,0.333333333333333
501,2017 Dec,"DM",18,2,0.111111111111111
501,2017 Dec,"DO",1,0,0
501,2017 Dec,"DS",1,0,0
501,2017 Dec,"NE",1,0,0
501,2017 Dec,"OT",4,1,0.25
501,2017 Dec,"PE",3,0,0
501,2017 Dec,"PP",1,0,0
502,2018 Jan,"DM",21,3,0.142857142857143
502,2018 Jan,"DO",1,0,0
502,2018 Jan,"DS",1,0,0
502,2018 Jan,"NE",2,0,0
502,2018 Jan,"OT",6,5,0.833333333333333
502,2018 Jan,"PE",2,0,0
502,2018 Jan,"PP",1,0,0
503,2018 Feb,"DM",24,5,0.208333333333333
503,2018 Feb,"DO",1,0,0
503,2018 Feb,"DS",1,0,0
503,2018 Feb,"NE",2,0,0
503,2018 Feb,"OT",3,1,0.333333333333333
504,2018 Mar,"DM",36,5,0.138888888888889
504,2018 Mar,"DS",1,0,0
504,2018 Mar,"OT",5,2,0.4
504,2018 Mar,"PE",3,0,0
504,2018 Mar,"PP",10,2,0.2
505,2018 Apr,"DM",42,7,0.166666666666667
505,2018 Apr,"DO",2,0,0
505,2018 Apr,"DS",1,0,0
505,2018 Apr,"NE",1,0,0
505,2018 Apr,"OL",1,1,1
505,2018 Apr,"OT",5,1,0.2
505,2018 Apr,"PE",1,0,0
505,2018 Apr,"PP",21,7,0.333333333333333
506,2018 May,"DM",19,0,0
506,2018 May,"DO",3,0,0
506,2018 May,"DS",1,0,0
506,2018 May,"NE",1,1,1
506,2018 May,"OT",4,0,0
506,2018 May,"PE",1,0,0
506,2018 May,"PP",38,11,0.289473684210526
507,2018 Jun,"DM",31,6,0.193548387096774
507,2018 Jun,"DO",1,0,0
507,2018 Jun,"DS",1,0,0
507,2018 Jun,"OT",5,1,0.2
507,2018 Jun,"PE",2,0,0
507,2018 Jun,"PP",35,5,0.142857142857143
507,2018 Jun,"SH",1,1,1
508,2018 Jul,"DM",24,5,0.208333333333333
508,2018 Jul,"DS",1,0,0
508,2018 Jul,"OT",6,2,0.333333333333333
508,2018 Jul,"PE",2,2,1
508,2018 Jul,"PP",28,4,0.142857142857143
509,2018 Aug,"DM",21,2,0.0952380952380952
509,2018 Aug,"DO",1,0,0
509,2018 Aug,"NE",1,1,1
509,2018 Aug,"OT",3,0,0
509,2018 Aug,"PP",24,11,0.458333333333333
510,2018 Sep,"DM",21,6,0.285714285714286
510,2018 Sep,"DO",2,0,0
510,2018 Sep,"DS",1,0,0
510,2018 Sep,"NE",1,0,0
510,2018 Sep,"OT",5,3,0.6
510,2018 Sep,"PE",1,0,0
510,2018 Sep,"PP",19,4,0.210526315789474
511,2018 Oct,"DM",21,6,0.285714285714286
511,2018 Oct,"DO",2,1,0.5
511,2018 Oct,"OT",4,2,0.5
511,2018 Oct,"PP",9,2,0.222222222222222
512,2018 Nov,"DM",23,3,0.130434782608696
512,2018 Nov,"NE",1,0,0
512,2018 Nov,"OL",1,1,1
512,2018 Nov,"OT",1,0,0
512,2018 Nov,"PE",1,0,0
512,2018 Nov,"PP",2,0,0
513,2018 Dec,"DM",13,7,0.538461538461538
513,2018 Dec,"OT",3,1,0.333333333333333
513,2018 Dec,"PE",1,1,1
515,2019 Feb,"DM",19,6,0.315789473684211
515,2019 Feb,"DX",1,1,1
515,2019 Feb,"OL",1,1,1
515,2019 Feb,"OT",1,0,0
515,2019 Feb,"PE",3,2,0.666666666666667
515,2019 Feb,"PP",1,1,1
516,2019 Mar,"DM",35,14,0.4
516,2019 Mar,"OT",2,1,0.5
516,2019 Mar,"PP",2,0,0
517,2019 Apr,"DM",27,9,0.333333333333333
517,2019 Apr,"OT",3,1,0.333333333333333
517,2019 Apr,"PP",9,3,0.333333333333333
518,2019 May,"DM",21,2,0.0952380952380952
518,2019 May,"DO",1,1,1
518,2019 May,"NE",1,0,0
518,2019 May,"OT",2,1,0.5
518,2019 May,"PP",9,1,0.111111111111111
519,2019 Jun,"DM",17,4,0.235294117647059
519,2019 Jun,"DO",4,4,1
519,2019 Jun,"NE",1,1,1
519,2019 Jun,"PP",17,3,0.176470588235294
520,2019 Jul,"DM",13,0,0
520,2019 Jul,"OT",3,2,0.666666666666667
520,2019 Jul,"PB",1,1,1
520,2019 Jul,"PP",25,19,0.76
521,2019 Aug,"DM",7,1,0.142857142857143
521,2019 Aug,"DO",4,2,0.5
521,2019 Aug,"OT",2,1,0.5
521,2019 Aug,"PE",1,1,1
521,2019 Aug,"PP",32,19,0.59375
522,2019 Sep,"DM",11,3,0.272727272727273
522,2019 Sep,"DO",1,0,0
522,2019 Sep,"NE",1,0,0
522,2019 Sep,"OT",4,2,0.5
522,2019 Sep,"PP",31,15,0.483870967741935
523,2019 Sep,"DM",18,5,0.277777777777778
523,2019 Sep,"DO",4,1,0.25
523,2019 Sep,"OT",7,4,0.571428571428571
523,2019 Sep,"PB",1,1,1
523,2019 Sep,"PE",1,1,1
523,2019 Sep,"PP",40,29,0.725
524,2019 Oct,"DM",18,5,0.277777777777778
524,2019 Oct,"DO",4,2,0.5
524,2019 Oct,"OT",4,2,0.5
524,2019 Oct,"PB",4,3,0.75
524,2019 Oct,"PE",1,1,1
524,2019 Oct,"PP",16,3,0.1875
525,2019 Nov,"DM",22,6,0.272727272727273
525,2019 Nov,"DO",9,5,0.555555555555556
525,2019 Nov,"OT",7,3,0.428571428571429
525,2019 Nov,"PB",2,0,0
525,2019 Nov,"PE",2,1,0.5
525,2019 Nov,"PP",2,1,0.5
525,2019 Nov,"RM",1,1,1
526,2019 Dec,"DM",24,4,0.166666666666667
526,2019 Dec,"DO",6,1,0.166666666666667
526,2019 Dec,"OT",5,2,0.4
